client,state,gender,education,client_lifetime_value,income,monthly_premium_auto,number_of_open_complaints,policy_type,vehicle_class,total_claim_amount
RB50392,Washington,,Master,,0,1000,0.0,Personal Auto,Four-Door Car,2.704934
QZ44356,Arizona,F,Bachelor,6979.5359,0,94,0.0,Personal Auto,Four-Door Car,1131.464935
AI49188,Nevada,F,Bachelor,12887.4317,48767,108,0.0,Personal Auto,Two-Door Car,566.472247
WW63253,California,M,Bachelor,7645.861800000001,0,106,0.0,Corporate Auto,SUV,529.881344
GA49547,Washington,M,High School or Below,5363.0765,36357,68,0.0,Personal Auto,Four-Door Car,17.269323
OC83172,Oregon,F,Bachelor,8256.2978,62902,69,0.0,Personal Auto,Two-Door Car,159.383042
XZ87318,Oregon,F,College,5380.8985999999995,55350,67,0.0,Corporate Auto,Four-Door Car,321.6
CF85061,Arizona,M,Master,7216.1003,0,101,0.0,Corporate Auto,Four-Door Car,363.02968
DY87989,Oregon,M,Bachelor,24127.504,14072,71,0.0,Corporate Auto,Four-Door Car,511.2
BQ94931,Oregon,F,College,7388.178100000001,28812,93,0.0,Special Auto,Four-Door Car,425.527834
SX51350,California,M,College,4738.992,0,67,0.0,Personal Auto,Four-Door Car,482.4
VQ65197,California,,College,8197.1971,0,110,0.0,Personal Auto,SUV,528.0
DP39365,California,,Master,8798.796999999999,77026,110,2.0,Corporate Auto,Four-Door Car,472.029737
SJ95423,Arizona,,High School or Below,8819.018900000001,99845,110,1.0,Corporate Auto,SUV,528.0
IL66569,California,,College,5384.4317,83689,70,2.0,Corporate Auto,Four-Door Car,307.139132
BW63560,Oregon,,Bachelor,7463.139399999999,24599,64,1.0,Corporate Auto,Four-Door Car,42.920271
FV94802,Nevada,,High School or Below,2566.8678,25049,67,0.0,Personal Auto,Two-Door Car,454.245098
OE15005,California,,College,3945.2416,28855,101,0.0,Personal Auto,SUV,647.442031
WC83389,Oregon,,College,5710.333100000001,51148,72,0.0,Personal Auto,Four-Door Car,308.981664
FL50705,California,,High School or Below,8162.6170999999995,66140,101,0.0,Corporate Auto,Four-Door Car,484.8
ZK25313,Oregon,,High School or Below,2872.0513,57749,74,0.0,Personal Auto,Two-Door Car,355.2
QK46697,Washington,M,Bachelor,6177.1093,61040,79,1.0,Personal Auto,Two-Door Car,20.382876
YH23384,Arizona,,Bachelor,24127.504,14072,71,0.0,Personal Auto,Four-Door Car,511.2
TZ98966,Nevada,,Bachelor,2450.1910000000003,0,73,3.0,Corporate Auto,Four-Door Car,554.376763
HM55802,California,,Bachelor,2392.1079,17870,61,0.0,Corporate Auto,Four-Door Car,439.2
FS42516,Oregon,,College,5802.066,97541,72,0.0,Personal Auto,Four-Door Car,389.185006
US89481,California,,Bachelor,3946.3721,0,111,0.0,Personal Auto,Four-Door Car,799.2
HS14476,Washington,M,College,9162.063199999999,29723,80,0.0,Personal Auto,Four-Door Car,20.985105
GE62437,Arizona,,College,12902.5601,86584,111,2.0,Personal Auto,Four-Door Car,532.8
EJ77678,Oregon,,Master,3235.3605,75690,80,1.0,Personal Auto,Four-Door Car,384.0
SV85652,Arizona,,College,2454.5835,23158,63,1.0,Personal Auto,Four-Door Car,322.294043
UL64533,Nevada,,High School or Below,18975.4561,65999,237,0.0,Corporate Auto,Luxury,615.927769
PF41800,California,,Bachelor,4715.3213,0,65,0.0,Personal Auto,Four-Door Car,308.15089
HD95276,Washington,F,College,4737.8717,0,130,0.0,Personal Auto,SUV,23.820158
SK67821,Oregon,,Bachelor,4932.9163,37260,62,0.0,Corporate Auto,Four-Door Car,15.437681
YV55495,Arizona,,High School or Below,5744.2297,68987,71,0.0,Personal Auto,Four-Door Car,204.475147
KY38074,California,,Bachelor,13891.735700000001,42305,117,0.0,Personal Auto,Four-Door Car,561.6
DM79012,Oregon,,Master,7380.9767,65706,91,0.0,Personal Auto,Four-Door Car,436.8
CM61827,Oregon,,Bachelor,3090.0341,0,90,0.0,Personal Auto,Two-Door Car,648.0
WC35801,Arizona,,High School or Below,2521.6331,53243,66,2.0,Personal Auto,Four-Door Car,157.397849
QG25316,Nevada,,High School or Below,2652.0618,0,70,1.0,Corporate Auto,Two-Door Car,484.318536
MB98372,Oregon,,College,2771.045,50071,71,0.0,Corporate Auto,Two-Door Car,18.918935
IL19217,California,,Bachelor,3939.0064,60021,99,0.0,Personal Auto,Four-Door Car,882.871945
SR38658,Arizona,,High School or Below,12231.8797,43244,103,0.0,Personal Auto,Luxury,494.4
YD87931,Washington,M,Doctor,4951.6561,46896,35354,1.0,Personal Auto,Four-Door Car,31.707317
HG65722,Oregon,,Doctor,12819.1029,10105,172,3.0,Personal Auto,SUV,0.517753
BU27331,Arizona,,Bachelor,4468.5105,0,73,3.0,Personal Auto,Four-Door Car,579.165954
XM45289,Oregon,,High School or Below,5514.344,23218,71,0.0,Personal Auto,Two-Door Car,447.79344
KP34198,California,,Bachelor,3343.8753,0,92,0.0,Corporate Auto,Four-Door Car,529.624084
SH90947,Arizona,,High School or Below,2294.4789,0,62,0.0,Personal Auto,Four-Door Car,313.023175
WE95729,Oregon,,College,36707.426400000004,24804,104,0.0,Personal Auto,SUV,593.830288
PY51963,California,,Bachelor,33473.349500000004,33190,106,0.0,Corporate Auto,SUV,508.8
RB69909,Nevada,,High School or Below,7983.4317,36014,69,3.0,Special Auto,Four-Door Car,173.956072
NW21079,Washington,F,Master,4879.3848,67163,61,2.0,Personal Auto,Two-Door Car,33.192803
FR46645,California,,Bachelor,4293.9973,16701,113,0.0,Personal Auto,Four-Door Car,831.625979
SY17488,Arizona,,College,7164.3955000000005,46623,91,0.0,Corporate Auto,Four-Door Car,436.8
AP67935,California,,College,7619.515799999999,64749,64,0.0,Special Auto,Four-Door Car,302.56519
FS37417,Arizona,,High School or Below,3958.0028,0,101,0.0,Personal Auto,SUV,484.8
ML29312,Oregon,,High School or Below,4499.4933,16969,124,2.0,Personal Auto,SUV,704.768111
UB61619,Oregon,,Master,4059.5674,11621,108,0.0,Personal Auto,Four-Door Car,518.4
CD86811,Arizona,,Bachelor,4458.1134,17622,65,1.0,Personal Auto,Four-Door Car,312.0
RU83859,California,,Bachelor,8110.333100000001,11489,105,0.0,Personal Auto,Two-Door Car,504.0
FG63582,Oregon,,Bachelor,3339.7649,0,94,0.0,Personal Auto,Two-Door Car,863.327324
NN71951,California,,High School or Below,24261.017799999998,66525,100,0.0,Personal Auto,SUV,104.331355
WB37082,Arizona,,Bachelor,6613.9737,0,63,0.0,Personal Auto,Four-Door Car,676.391482
SM52139,Washington,,College,2930.6935,33663,73,0.0,Personal Auto,Four-Door Car,350.4
FL82372,Oregon,,College,8672.194300000001,22547,112,0.0,Corporate Auto,SUV,537.6
DP45816,Arizona,,High School or Below,11638.6693,61486,97,0.0,Personal Auto,Two-Door Car,465.258644
GW33762,Oregon,,Bachelor,6846.1503,0,95,0.0,Personal Auto,Two-Door Car,456.0
RZ33670,California,,College,11727.7765,29879,102,0.0,Personal Auto,Four-Door Car,500.254235
PY70169,Oregon,,High School or Below,22643.8348,93011,113,0.0,Personal Auto,SUV,281.451042
MO91628,Oregon,,Master,2614.4743,65186,65,0.0,Personal Auto,Two-Door Car,5.434505
HW87852,Oregon,,Master,2451.7527,26840,64,2.0,Personal Auto,Four-Door Car,307.2
HB20453,Oregon,,Bachelor,6781.2702,0,104,1.0,Personal Auto,Luxury,982.399613
BN87372,Oregon,,Bachelor,4974.8015000000005,75644,65,3.0,Personal Auto,Two-Door Car,467.803638
YX23800,Oregon,,Bachelor,8591.6049,38984,73,0.0,Personal Auto,Four-Door Car,350.4
DZ87709,Oregon,,High School or Below,5592.1614,71811,71,0.0,Personal Auto,Four-Door Car,29.03416
XW13033,Nevada,,College,8009.4728000000005,20961,67,0.0,Personal Auto,Four-Door Car,321.6
SP81997,Washington,F,Master,,41275,96,0.0,Personal Auto,Four-Door Car,41.122303
OM82309,California,,Bachelor,58166.553499999995,61321,186,1.0,Personal Auto,Luxury,427.63121
ZU35962,California,,College,8025.229399999999,0,77,0.0,Personal Auto,Two-Door Car,25.807685
VH85817,California,,High School or Below,5780.182199999999,51066,74,0.0,Personal Auto,Four-Door Car,787.993313
DT85712,California,,Doctor,4118.5391,34378,102,0.0,Personal Auto,SUV,489.6
YJ88573,Nevada,,Master,2523.0702,43072,63,0.0,Personal Auto,Four-Door Car,302.4
SQ19467,Oregon,,College,6554.2164,25222,90,0.0,Personal Auto,Four-Door Car,475.623251
YB66933,Washington,F,Bachelor,5382.7519999999995,77552,68,1.0,Corporate Auto,Four-Door Car,45.215059
ET79815,California,,College,5926.729399999999,23091,96,5.0,Personal Auto,Four-Door Car,460.8
QC35222,California,,Bachelor,2683.4707,48269,69,3.0,Corporate Auto,Four-Door Car,282.151207
CJ15590,Oregon,,Bachelor,2695.1823999999997,32720,67,0.0,Personal Auto,Four-Door Car,321.6
OI48267,California,,College,6047.0252,20396,76,1.0,Personal Auto,Four-Door Car,364.8
JY67916,Oregon,,College,13171.0128,21513,119,1.0,Personal Auto,Two-Door Car,679.827592
OW15518,Washington,F,College,15950.0195,0,87,1.0,Personal Auto,Two-Door Car,46.041452
CZ33664,Oregon,,Bachelor,2527.6538,80744,63,0.0,Corporate Auto,Four-Door Car,11.879037
WK30175,Oregon,,Bachelor,2672.0958,52822,67,0.0,Corporate Auto,Two-Door Car,350.529033
ON44465,California,,High School or Below,5313.294,0,77,1.0,Personal Auto,Four-Door Car,863.3947
TV87155,Oregon,,Bachelor,20946.1925,69738,74,1.0,Personal Auto,Four-Door Car,492.127532
KH48895,Arizona,,Master,8375.3539,17780,109,0.0,Personal Auto,SUV,132.588288
NZ30757,California,,Bachelor,4801.6615,18107,62,0.0,Personal Auto,Four-Door Car,297.6
RI22468,Arizona,,Bachelor,5745.9433,57740,74,3.0,Personal Auto,Four-Door Car,269.905129
FZ30935,Oregon,,College,6066.116,32627,76,0.0,Personal Auto,Two-Door Car,380.036697
UG93476,California,,College,8002.3083,0,107,0.0,Personal Auto,SUV,513.6
AB96670,California,,College,2393.9154,0,70,0.0,Personal Auto,Four-Door Car,425.266308
XK64261,Oregon,,Bachelor,4762.8179,65795,62,1.0,Corporate Auto,Two-Door Car,49.011099
EV68375,California,,College,4330.3859999999995,60475,107,0.0,Personal Auto,Four-Door Car,513.6
UN51653,California,,High School or Below,9402.7298,0,130,0.0,Personal Auto,SUV,936.0
TO96662,Oregon,,Bachelor,6966.6945,41837,88,0.0,Personal Auto,Four-Door Car,142.062768
MR52087,California,,Bachelor,7694.064300000001,32303,65,0.0,Personal Auto,Four-Door Car,45.152521
DE75225,Oregon,,High School or Below,8717.561099999999,0,117,1.0,Personal Auto,SUV,561.6
EP80820,California,,Bachelor,5928.7485,40531,74,0.0,Personal Auto,Two-Door Car,30.567357
GU99037,Oregon,,College,2452.9773,79898,62,1.0,Corporate Auto,Four-Door Car,271.606799
WI57118,California,,College,6701.5717,56398,85,0.0,Personal Auto,Four-Door Car,408.0
GP39118,Washington,M,High School or Below,4996.5527,71600,63,0.0,Personal Auto,Two-Door Car,46.158117
MQ14219,Arizona,,College,8492.6988,27804,109,0.0,Personal Auto,SUV,784.8
KN20603,Oregon,,Bachelor,7713.494000000001,45506,66,2.0,Personal Auto,Four-Door Car,316.8
SG20925,Washington,F,Master,5185.7976,99428,6464,1.0,Personal Auto,Four-Door Car,48.046869
JI70886,California,,High School or Below,7290.0698,0,102,1.0,Corporate Auto,SUV,489.6
VF72557,Oregon,,High School or Below,4772.9438,20993,133,0.0,Personal Auto,SUV,638.4
OX28638,Arizona,,High School or Below,6806.4914,37839,86,0.0,Personal Auto,Two-Door Car,465.633954
SK55033,California,,Bachelor,2469.7813,92711,62,0.0,Personal Auto,Two-Door Car,368.400146
OO88645,California,,College,3103.923,74665,78,2.0,Corporate Auto,Four-Door Car,236.902001
FM14335,Washington,F,College,10484.9154,61108,89,0.0,Personal Auto,Four-Door Car,49.451117
CW82151,California,,Bachelor,8902.7376,46833,112,0.0,Personal Auto,Luxury,64.109663
DY22043,Oregon,,High School or Below,5499.4472,88768,68,0.0,Personal Auto,Two-Door Car,326.4
SH36774,California,,High School or Below,15023.598600000001,28262,192,0.0,Personal Auto,Luxury,921.6
EM43724,Nevada,,Bachelor,2509.1079,33555,63,0.0,Personal Auto,Four-Door Car,101.89645
FH85960,Oregon,,College,31221.7481,42780,113,1.0,Personal Auto,Four-Door Car,542.4
XA55993,Oregon,,Master,3133.5034,58850,78,0.0,Personal Auto,Four-Door Car,143.747794
GO36627,Arizona,,College,3837.4519,21880,97,0.0,Special Auto,Four-Door Car,424.077159
QH48047,Oregon,,College,11790.496200000001,25251,66,0.0,Personal Auto,Four-Door Car,316.8
HS28694,Washington,F,High School or Below,2829.8639000000003,25317,71,0.0,Personal Auto,Two-Door Car,50.422181
UH65059,Arizona,,High School or Below,4305.808300000001,24188,109,0.0,Personal Auto,Luxury,523.2
FV21968,Nevada,,Bachelor,5973.9769,41611,74,0.0,Special Auto,Four-Door Car,113.801497
QA87025,Oregon,,Bachelor,5670.4424,28406,72,1.0,Personal Auto,Four-Door Car,192.87572
TQ13499,Arizona,,College,4731.7492999999995,69833,118,0.0,Personal Auto,Four-Door Car,828.662719
BU44523,Arizona,,High School or Below,8026.379599999999,0,74,0.0,Corporate Auto,Four-Door Car,532.8
MS41162,Arizona,,High School or Below,4022.9635,0,117,0.0,Personal Auto,SUV,975.107098
PU25891,Oregon,,High School or Below,9618.3109,80536,119,0.0,Special Auto,Luxury,53.798708
LH92841,Washington,F,Bachelor,7255.9538,88891,89,0.0,Personal Auto,Four-Door Car,50.528355
SX26335,Oregon,,College,9552.926899999999,97732,79,0.0,Personal Auto,Four-Door Car,289.9122
AZ95587,Arizona,F,Bachelor,10388.5532,61222,89,0.0,Special Auto,Four-Door Car,392.604371
DS81757,Oregon,M,College,2470.1212,0,74,0.0,Personal Auto,Two-Door Car,721.242206
OJ94107,Arizona,M,Master,5619.068499999999,50335,140,0.0,Personal Auto,SUV,456.52385
LP84436,California,F,High School or Below,9047.119200000001,0,127,0.0,Personal Auto,Luxury,1087.995426
FF22360,Washington,F,Doctor,2687.3140999999996,82210,68,4.0,Personal Auto,Four-Door Car,51.961915
LM19287,Oregon,F,High School or Below,3731.5046,0,96,0.0,Personal Auto,Four-Door Car,460.8
ZU18643,Nevada,M,Bachelor,3660.7703,64495,92,0.0,Corporate Auto,Four-Door Car,251.992083
AZ82578,California,F,College,7928.8293,0,72,0.0,Corporate Auto,Four-Door Car,345.6
XC67861,Arizona,F,Bachelor,5011.7516,28859,67,3.0,Corporate Auto,Two-Door Car,321.6
YC43143,Arizona,F,High School or Below,7988.2582999999995,77330,99,0.0,Personal Auto,Four-Door Car,99.257608
EK59571,Oregon,M,College,3885.4564,0,105,0.0,Corporate Auto,Four-Door Car,504.0
PA38372,Washington,F,High School or Below,9357.7378,33060,117,0.0,Personal Auto,Four-Door Car,56.731578
RO18530,Washington,M,Master,2540.6898,42557,65,0.0,Personal Auto,Four-Door Car,57.562324
PD27940,Arizona,M,High School or Below,4885.1625,26372,126,0.0,Personal Auto,SUV,604.8
BS77946,Arizona,F,Bachelor,9753.3071,17514,127,0.0,Personal Auto,SUV,8.312729
YM50253,California,F,Bachelor,2946.1537,89270,74,0.0,Personal Auto,Four-Door Car,316.599228
NR15332,California,M,High School or Below,2581.1109,29757,65,0.0,Personal Auto,Four-Door Car,312.0
RC62865,Oregon,M,College,3517.3858,51814,92,0.0,Personal Auto,Four-Door Car,56.300724
CC15295,Oregon,F,Bachelor,9743.3501,24028,82,0.0,Personal Auto,Four-Door Car,393.6
KA61892,Arizona,M,College,3873.647,28142,105,0.0,Personal Auto,Luxury,701.708239
OS94884,Arizona,F,Bachelor,7649.281999999999,52705,64,1.0,Personal Auto,Two-Door Car,128.705563
ND87334,California,M,High School or Below,2287.5969,0,63,0.0,Corporate Auto,Two-Door Car,679.368378
OY51402,Washington,F,High School or Below,8255.7639,54040,103,0.0,Personal Auto,SUV,59.987126
YL74911,California,F,College,8714.9221,0,118,0.0,Personal Auto,SUV,566.4
GK92563,Washington,F,Doctor,6819.2312,22492,85,0.0,Personal Auto,Two-Door Car,61.654262
HL53154,California,M,Bachelor,7416.1973,0,77,2.0,Personal Auto,Four-Door Car,554.4
RI78966,Oregon,M,Master,7771.159000000001,21876,68,0.0,Personal Auto,Four-Door Car,465.41477
IC13702,California,F,Bachelor,6968.341899999999,0,69,1.0,Personal Auto,Four-Door Car,496.8
BE10809,California,F,High School or Below,4250.2826000000005,0,61,1.0,Personal Auto,Four-Door Car,292.8
HT87217,Oregon,F,High School or Below,19776.5665,70699,82,0.0,Personal Auto,Four-Door Car,256.813837
TH95618,California,F,High School or Below,21343.466,0,74,1.0,Personal Auto,Four-Door Car,355.2
TS19868,California,M,College,2413.1397,27501,63,0.0,Personal Auto,Four-Door Car,542.319401
LP45550,Oregon,F,Doctor,15363.8472,15897,101,0.0,Personal Auto,Four-Door Car,303.148399
QR87004,Nevada,F,College,8456.9619,25141,73,1.0,Personal Auto,Four-Door Car,25.438063
OE75747,Nevada,F,College,2189.6425,0,61,3.0,Personal Auto,Four-Door Car,292.8
DX91392,California,M,High School or Below,5780.182199999999,51066,74,0.0,Personal Auto,Four-Door Car,787.993313
AB72731,California,F,Bachelor,4639.9816,28358,117,0.0,Personal Auto,Luxury,84.024413
GX84338,Washington,F,Doctor,3824.4313,62530,95,0.0,Personal Auto,Four-Door Car,61.693771
IS12901,Arizona,F,Bachelor,5968.1189,90972,74,0.0,Personal Auto,Two-Door Car,232.926145
BN90616,Washington,F,Bachelor,8590.335,63110,72,0.0,Personal Auto,Four-Door Car,68.179721
HH90090,California,F,Bachelor,4076.6346999999996,29549,104,0.0,Personal Auto,Luxury,710.433775
IU25463,California,F,Bachelor,12252.601799999999,0,115,1.0,Personal Auto,Four-Door Car,552.0
KC11055,Nevada,F,Bachelor,16936.2715,39411,217,2.0,Personal Auto,Luxury,1122.658899
PD33979,Oregon,M,High School or Below,4892.4355,21709,62,0.0,Personal Auto,Four-Door Car,408.374746
NK71023,Nevada,M,Bachelor,9942.3048,67890,85,0.0,Personal Auto,Four-Door Car,408.0
AB13432,California,M,Bachelor,3735.8381,0,110,0.0,Personal Auto,SUV,792.0
OZ97704,California,F,High School or Below,13117.5222,84311,111,4.0,Personal Auto,SUV,532.8
UF46533,California,F,College,4574.5241,99316,114,0.0,Corporate Auto,SUV,754.358929
XP47431,Arizona,F,Bachelor,5470.060600000001,54507,138,0.0,Personal Auto,SUV,702.990032
GK73582,California,F,Bachelor,2978.8459999999995,64586,76,0.0,Personal Auto,Four-Door Car,206.837111
RV98763,Oregon,M,College,6410.9675,61709,82,2.0,Personal Auto,Four-Door Car,275.395894
II62831,California,M,Master,4479.0231,94656,111,1.0,Special Auto,SUV,459.738128
XK33449,California,F,High School or Below,2383.7319,0,69,0.0,Special Auto,Two-Door Car,496.8
TR85083,California,M,Bachelor,2764.4937,61085,70,1.0,Personal Auto,Two-Door Car,336.0
EO95328,Oregon,F,Bachelor,7920.1054,89284,67,3.0,Personal Auto,Two-Door Car,321.6
EN21086,Arizona,F,High School or Below,6889.098000000001,0,63,0.0,Personal Auto,Four-Door Car,302.4
YL83902,Washington,F,Bachelor,3274.1946000000003,31686,81,0.0,Personal Auto,Four-Door Car,430.994107
AZ62651,Oregon,M,High School or Below,9951.7077,56855,255,0.0,Corporate Auto,Luxury,1836.0
ZW25874,Oregon,M,Bachelor,2521.5557,53703,67,2.0,Special Auto,Four-Door Car,67.632476
EH41854,Washington,F,High School or Below,23706.1134,0,96,1.0,Personal Auto,Two-Door Car,844.481918
MW70227,California,M,College,6047.0252,20396,76,1.0,Personal Auto,Four-Door Car,364.8
SL22297,California,F,Master,11140.3025,27679,150,0.0,Personal Auto,SUV,722.486994
RV14138,Nevada,F,Bachelor,4334.0641,23904,123,3.0,Personal Auto,SUV,590.4
UO62808,Arizona,F,High School or Below,2799.7479,65351,69,0.0,Corporate Auto,Four-Door Car,481.027516
ZX64745,California,M,College,7923.136600000001,0,113,0.0,Personal Auto,SUV,1124.427734
FL34139,California,M,High School or Below,3688.1109,0,63,3.0,Personal Auto,Four-Door Car,669.682001
TS11219,California,M,College,12067.456,0,116,0.0,Personal Auto,SUV,1284.093173
XX12304,California,F,College,2924.9766999999997,64459,72,0.0,Personal Auto,Four-Door Car,240.259479
SD64087,California,M,College,15014.092700000001,32961,190,0.0,Corporate Auto,SUV,912.0
OY38576,Oregon,F,High School or Below,9277.2338,71416,116,0.0,Corporate Auto,SUV,556.8
BG76355,Washington,F,Bachelor,6274.1239000000005,68964,78,0.0,Personal Auto,Four-Door Car,115.086827
IP66913,California,M,High School or Below,3886.6474,78108,98,0.0,Personal Auto,Two-Door Car,470.4
LE95702,California,M,College,4386.2776,10621,67,0.0,Special Auto,Four-Door Car,321.6
KX54357,Washington,M,College,11365.2677,84910,95,0.0,Corporate Auto,Two-Door Car,383.167471
EZ78112,California,F,High School or Below,5610.964300000001,77493,70,0.0,Special Auto,Four-Door Car,307.963291
XN16891,Arizona,M,College,2912.8920000000003,81097,74,0.0,Personal Auto,Four-Door Car,355.2
XK31350,Oregon,F,College,6915.7299,96610,85,0.0,Corporate Auto,Four-Door Car,520.364752
CC30924,Oregon,M,College,6262.663299999999,30110,159,0.0,Corporate Auto,Luxury,466.436375
IT78748,Oregon,F,High School or Below,6503.397,22081,84,0.0,Special Auto,Two-Door Car,451.670309
KY33386,Washington,F,High School or Below,8007.399399999999,0,112,0.0,Personal Auto,Luxury,537.6
CO44221,California,M,College,2929.9165000000003,98473,72,0.0,Personal Auto,Four-Door Car,345.6
LK60013,Oregon,F,Bachelor,5969.553000000001,97431,74,0.0,Personal Auto,Four-Door Car,355.2
DE21533,California,M,Bachelor,5473.1599,93870,69,0.0,Personal Auto,Four-Door Car,331.2
YS94121,Nevada,M,High School or Below,5645.3967,50366,72,0.0,Personal Auto,Four-Door Car,428.734656
UK68427,Washington,M,High School or Below,6369.2624,34498,83,0.0,Personal Auto,Two-Door Car,398.4
TE49565,Oregon,F,College,11833.7673,16552,103,0.0,Personal Auto,SUV,494.4
RA88421,Oregon,F,College,6121.1079,26787,77,0.0,Personal Auto,Four-Door Car,369.6
KQ51983,Nevada,M,College,5159.369699999999,0,74,0.0,Personal Auto,Two-Door Car,831.752839
CD88896,Nevada,F,High School or Below,2514.592,43860,65,0.0,Corporate Auto,Four-Door Car,156.124914
YV22553,Arizona,M,High School or Below,8668.6113,21474,114,2.0,Corporate Auto,SUV,373.428187
WU14435,California,M,Bachelor,4960.9654,18174,66,0.0,Corporate Auto,Four-Door Car,395.934815
XV84099,Arizona,F,Bachelor,5504.139,0,73,0.0,Corporate Auto,Four-Door Car,350.4
RI24911,Arizona,M,College,7507.455400000001,60920,64,0.0,Personal Auto,Two-Door Car,231.201886
KO26461,Arizona,M,High School or Below,32269.8514,41520,90,0.0,Personal Auto,Four-Door Car,289.904105
HI14283,Oregon,F,Bachelor,5657.0316,0,152,0.0,Personal Auto,SUV,729.6
PT50227,Arizona,M,High School or Below,5061.7579,0,68,0.0,Personal Auto,Two-Door Car,326.4
BH36570,California,M,Bachelor,5912.7838,72208,73,0.0,Personal Auto,Two-Door Car,350.4
TX17484,California,F,Bachelor,15182.2798,53863,63,0.0,Personal Auto,Four-Door Car,105.765111
CT41158,Washington,M,College,10747.030900000002,66446,136,0.0,Corporate Auto,SUV,639.464548
AO87348,Washington,M,College,2050.6235,0,61,0.0,Personal Auto,Four-Door Car,292.8
DE55857,Washington,F,Bachelor,2465.4449,64997,63,1.0,Personal Auto,Four-Door Car,383.442328
LF66923,Nevada,F,High School or Below,5343.1213,64460,66,0.0,Corporate Auto,Two-Door Car,316.8
CN24514,Arizona,F,College,8119.8291,46618,67,0.0,Personal Auto,Four-Door Car,99.085943
UW32074,Oregon,F,College,4605.2652,0,64,0.0,Corporate Auto,Four-Door Car,307.2
HP36979,California,M,College,6408.7856,49988,84,5.0,Personal Auto,Two-Door Car,566.935022
PP40919,California,F,College,2376.5335,0,91,5.0,Personal Auto,Two-Door Car,436.8
RO73268,California,M,Bachelor,3211.07,16269,86,0.0,Corporate Auto,Two-Door Car,412.8
HO61691,Arizona,F,Bachelor,5094.5223,72006,64,0.0,Personal Auto,Four-Door Car,307.2
BS13062,Arizona,F,High School or Below,25755.278199999997,0,81,2.0,Personal Auto,Four-Door Car,388.8
FO35655,Oregon,M,Bachelor,8672.2297,0,245,0.0,Corporate Auto,Luxury,2345.413441
HR10526,California,M,Master,8044.730699999999,44320,67,0.0,Personal Auto,Four-Door Car,321.6
IA63417,Arizona,F,High School or Below,4001.5190999999995,19782,108,0.0,Personal Auto,Two-Door Car,773.470977
BH35016,Nevada,F,Bachelor,16706.117,63933,70,0.0,Personal Auto,Two-Door Car,424.883448
PK52952,Arizona,M,Doctor,8544.4111,28224,109,0.0,Personal Auto,SUV,523.2
OD76309,Washington,F,College,7805.312900000001,21073,106,1.0,Personal Auto,SUV,508.8
IL28481,Oregon,M,Bachelor,6112.756899999999,63243,77,0.0,Personal Auto,Four-Door Car,364.240307
GY55092,Nevada,M,High School or Below,4772.9438,20993,133,0.0,Personal Auto,SUV,638.4
UF33451,Oregon,F,Bachelor,10979.0956,94827,135,0.0,Personal Auto,SUV,354.729129
CF15558,California,F,Master,5004.2638,39161,63,1.0,Personal Auto,Two-Door Car,283.995953
JM62924,Washington,M,Bachelor,13223.0438,37534,84,2.0,Personal Auto,Four-Door Car,403.2
EM66435,Oregon,F,Bachelor,2623.3154,80210,65,0.0,Corporate Auto,Four-Door Car,20.543176
QX45933,California,M,Bachelor,17840.1956,0,62,0.0,Personal Auto,Four-Door Car,385.115437
JI71369,California,F,College,5106.1118,30110,64,0.0,Personal Auto,Four-Door Car,140.165035
JU93290,Arizona,F,College,17930.6045,21708,68,0.0,Personal Auto,Four-Door Car,326.4
GU66096,Arizona,M,High School or Below,5457.3426,94731,67,0.0,Personal Auto,Four-Door Car,321.6
UC33108,California,M,Bachelor,6563.6441,32375,83,0.0,Personal Auto,Four-Door Car,398.4
LW93867,Oregon,M,College,4812.5252,16531,63,0.0,Corporate Auto,Four-Door Car,102.879769
OU78470,Arizona,F,Master,29328.0419,32006,94,0.0,Corporate Auto,Four-Door Car,56.868289
XW90265,Arizona,F,Bachelor,5773.520699999999,81676,72,0.0,Personal Auto,Two-Door Car,463.158502
HS67749,California,M,College,6847.1189,71038,86,0.0,Corporate Auto,Four-Door Car,205.444066
VZ51506,Arizona,F,High School or Below,3595.3129,0,103,0.0,Corporate Auto,Luxury,741.6
UI64281,Nevada,F,Master,22855.6121,20832,65,0.0,Personal Auto,Two-Door Car,56.371967
AE98193,Washington,M,High School or Below,7859.4146,0,113,0.0,Personal Auto,SUV,813.6
AZ74055,Oregon,M,High School or Below,4115.5774,52405,103,0.0,Personal Auto,Four-Door Car,494.4
XS76911,Arizona,F,High School or Below,5029.6388,0,133,0.0,Personal Auto,Luxury,795.864079
AY40674,Washington,F,Bachelor,4821.4185,26583,1005,4.0,Personal Auto,SUV,614.4
NA12740,Oregon,M,Master,5004.3105,25486,65,0.0,Special Auto,Two-Door Car,72.438681
UA84837,Arizona,M,College,8630.0539,24065,111,0.0,Corporate Auto,Four-Door Car,532.8
DJ51510,Arizona,F,High School or Below,9322.0851,70435,116,0.0,Personal Auto,Four-Door Car,67.881546
VM58985,California,M,College,16727.5606,0,76,2.0,Personal Auto,Two-Door Car,402.636829
OH60605,Oregon,F,High School or Below,3652.5324,39679,92,0.0,Personal Auto,Two-Door Car,641.388616
UO98052,Nevada,M,College,6158.6012,0,89,0.0,Personal Auto,Four-Door Car,342.481173
NC53424,California,M,Bachelor,4376.084,0,69,4.0,Personal Auto,Two-Door Car,331.2
LQ13873,Nevada,M,High School or Below,5569.4562,53565,71,1.0,Personal Auto,Four-Door Car,340.8
LA97014,Washington,M,Bachelor,2576.513,37574,66,1.0,Personal Auto,Two-Door Car,412.101933
NB79936,Washington,M,Bachelor,8346.983199999999,48259,108,0.0,Personal Auto,Two-Door Car,73.700573
NT89061,Arizona,F,High School or Below,6323.9239,78532,78,0.0,Personal Auto,Four-Door Car,374.4
AF10970,Arizona,F,Bachelor,5973.1434,96163,73,0.0,Corporate Auto,Four-Door Car,350.4
ZG48513,California,M,Bachelor,4706.677,0,72,0.0,Personal Auto,Four-Door Car,345.6
JQ59145,California,M,High School or Below,8093.4103000000005,0,114,1.0,Personal Auto,Luxury,722.024742
FE84989,Washington,M,College,5035.7446,72672,63,0.0,Personal Auto,Four-Door Car,259.361117
JT52858,Oregon,F,Bachelor,9027.8672,99002,112,1.0,Personal Auto,Four-Door Car,537.6
MC62068,California,M,High School or Below,7288.8848,79494,91,0.0,Personal Auto,Four-Door Car,396.295614
EU27538,Oregon,M,Master,18042.4794,35704,225,0.0,Personal Auto,Luxury,358.281562
RH42306,Arizona,F,Bachelor,4992.063,0,71,0.0,Corporate Auto,Four-Door Car,653.388564
US23612,Oregon,F,High School or Below,9102.2678,26049,118,0.0,Personal Auto,Two-Door Car,121.032372
WV76014,Arizona,M,Doctor,2540.4076999999997,70125,64,0.0,Special Auto,Four-Door Car,92.813396
RK96223,California,M,College,12941.891899999999,52369,110,1.0,Personal Auto,SUV,528.0
MF82000,Washington,F,Bachelor,2365.3486,0,66,2.0,Special Auto,Four-Door Car,159.636956
FM46980,Arizona,M,College,5720.7651000000005,41770,72,0.0,Personal Auto,Four-Door Car,476.156957
SY56792,Oregon,M,High School or Below,7035.534100000001,0,101,0.0,Corporate Auto,Four-Door Car,727.2
RF61565,California,M,College,2636.9777000000004,31911,67,0.0,Personal Auto,Four-Door Car,321.6
IM94808,Nevada,M,Bachelor,5395.831999999999,70051,68,0.0,Corporate Auto,Four-Door Car,42.078345
VI14730,Oregon,M,High School or Below,8382.6301,19683,117,1.0,Personal Auto,Luxury,561.6
YR34119,Washington,F,College,31161.7452,30916,112,0.0,Personal Auto,SUV,200.11606
RR77985,Oregon,F,Bachelor,2887.7423,0,80,0.0,Personal Auto,Four-Door Car,676.944023
QD28391,Washington,M,College,7425.8453,84302,62,0.0,Personal Auto,Four-Door Car,76.609295
WV17090,California,M,Bachelor,25585.727799999997,0,116,0.0,Corporate Auto,SUV,830.623064
TM23514,Oregon,M,College,10272.608199999999,60145,132,0.0,Personal Auto,SUV,580.473259
MQ68407,Oregon,F,Bachelor,4376.3636,63774,111,0.0,Personal Auto,Four-Door Car,60.036683
GJ59592,California,F,Bachelor,5318.8966,25134,67,0.0,Corporate Auto,Four-Door Car,321.6
FY56083,Oregon,M,Bachelor,4719.7622,37057,61,1.0,Personal Auto,Four-Door Car,47.53101
UA94723,Oregon,F,High School or Below,4428.031599999999,58577,110,0.0,Personal Auto,SUV,303.872752
FW91032,California,M,High School or Below,5879.1761,85857,73,0.0,Corporate Auto,Four-Door Car,100.620067
DE34457,Oregon,F,Doctor,9416.9085,70602,116,0.0,Personal Auto,SUV,481.339891
HD32044,Oregon,F,Master,8288.1556,33816,106,2.0,Corporate Auto,Four-Door Car,508.8
HH30454,Oregon,M,Bachelor,32654.8383,0,153,0.0,Personal Auto,SUV,1101.6
AH84063,Oregon,F,College,4719.4501,89642,121,4.0,Corporate Auto,SUV,86.320022
QA17596,California,F,Bachelor,3903.4748,60068,98,0.0,Personal Auto,Two-Door Car,470.4
XI41052,California,F,Bachelor,5457.2597,50044,139,0.0,Personal Auto,SUV,667.2
DI30528,California,F,Master,2725.3564,36650,69,1.0,Personal Auto,Four-Door Car,56.60333
SC66359,Arizona,F,College,4433.9737,50653,110,0.0,Corporate Auto,SUV,262.865172
EN61670,Arizona,F,Doctor,5332.4627,68931,66,0.0,Personal Auto,Four-Door Car,309.577946
DQ10761,Oregon,M,Bachelor,2315.095,0,73,1.0,Corporate Auto,Four-Door Car,350.4
BQ51587,California,F,College,5411.9537,0,73,0.0,Personal Auto,Four-Door Car,365.364581
JE21522,California,M,Bachelor,9587.3323,39266,80,0.0,Personal Auto,Four-Door Car,384.0
WS47147,California,M,College,22103.507200000004,0,102,0.0,Personal Auto,SUV,489.6
ZA64638,Nevada,F,High School or Below,9764.9453,0,98,1.0,Personal Auto,Four-Door Car,705.6
EW38459,Nevada,F,Bachelor,2567.1515,40864,65,0.0,Corporate Auto,Four-Door Car,9.51528
QW87316,Oregon,F,College,2650.6228,39035,68,0.0,Personal Auto,Four-Door Car,244.564334
IC43478,California,M,Bachelor,11264.3633,34923,98,0.0,Personal Auto,Two-Door Car,639.105556
TE34064,California,M,High School or Below,2168.5235000000002,0,63,0.0,Personal Auto,Four-Door Car,453.6
WU60905,California,F,High School or Below,8610.6675,0,111,0.0,Corporate Auto,SUV,532.8
YM18992,California,F,College,2834.6462,24506,71,0.0,Personal Auto,Two-Door Car,511.2
PD55753,Oregon,M,High School or Below,8930.1397,0,82,0.0,Personal Auto,Four-Door Car,554.522969
KU56006,Arizona,F,College,5536.387,52220,70,1.0,Personal Auto,Four-Door Car,336.0
MJ69973,Arizona,M,High School or Below,2840.8543,0,74,0.0,Personal Auto,Two-Door Car,402.449823
TW43626,California,M,College,8082.880999999999,53554,67,0.0,Personal Auto,Four-Door Car,327.020539
XX84133,California,M,Bachelor,5254.7343,34476,67,1.0,Corporate Auto,Four-Door Car,5.3953
ZW84453,Arizona,F,Bachelor,5116.2376,0,70,0.0,Personal Auto,Four-Door Car,131.401291
HO29524,California,M,College,3034.647,68205,76,0.0,Personal Auto,Two-Door Car,99.382943
VE89726,California,F,High School or Below,8024.8999,0,119,1.0,Personal Auto,SUV,856.8
GE87503,California,M,High School or Below,18211.143200000002,53690,154,0.0,Personal Auto,SUV,739.2
PX90263,Oregon,M,High School or Below,5121.5633,0,72,0.0,Personal Auto,Four-Door Car,518.4
NI17718,California,F,High School or Below,2150.1785999999997,0,61,0.0,Personal Auto,Four-Door Car,292.8
FY32213,California,F,High School or Below,5595.3899,74454,71,0.0,Personal Auto,Four-Door Car,340.8
RZ13254,Nevada,F,Bachelor,7562.8240000000005,0,73,0.0,Personal Auto,Four-Door Car,350.4
GN45013,Oregon,M,High School or Below,5385.8532,29664,71,0.0,Personal Auto,Four-Door Car,340.8
NM39588,Washington,F,Doctor,2678.0583,72450,66,0.0,Corporate Auto,Four-Door Car,84.218363
KU84464,Nevada,F,Bachelor,9422.5679,47272,79,3.0,Personal Auto,Four-Door Car,64.546877
YH43527,Oregon,F,College,3605.8603000000003,21585,92,0.0,Corporate Auto,Four-Door Car,441.6
RO30676,California,F,College,7762.5906,23827,106,2.0,Personal Auto,Four-Door Car,37.910623
QL59704,Arizona,F,College,23444.9005,69906,74,2.0,Corporate Auto,Four-Door Car,202.860399
QH19450,California,F,High School or Below,2558.1782000000003,0,72,0.0,Corporate Auto,Four-Door Car,345.6
SA54664,Washington,M,Master,2654.381,73196,66,1.0,Personal Auto,Four-Door Car,85.809817
CI38330,Washington,M,Bachelor,2549.7861,72217,6464,0.0,Personal Auto,Four-Door Car,91.146661
WB38524,California,M,High School or Below,2969.5933,46131,74,0.0,Personal Auto,Two-Door Car,355.2
CE56187,Oregon,F,Master,4363.1246,54514,109,3.0,Personal Auto,SUV,286.234931
JL19416,California,F,High School or Below,5884.3086,0,161,0.0,Personal Auto,SUV,1159.2
JZ61422,Nevada,F,College,5272.1916,96668,66,0.0,Personal Auto,Four-Door Car,316.8
LA13377,California,M,Doctor,5509.895699999999,78879,69,1.0,Personal Auto,Four-Door Car,466.570791
NC99948,Nevada,M,College,16313.683500000001,0,69,0.0,Personal Auto,Four-Door Car,331.2
QD34785,Arizona,F,Bachelor,5678.050200000001,0,76,0.0,Personal Auto,Four-Door Car,364.8
RO26085,California,F,Bachelor,12101.208799999999,0,112,0.0,Personal Auto,Luxury,1252.406235
ES57969,Oregon,M,Bachelor,2453.5708,29735,69,0.0,Personal Auto,Four-Door Car,331.2
JK55587,California,M,High School or Below,5075.6627,23082,65,0.0,Special Auto,Four-Door Car,312.0
RN97635,Arizona,M,Bachelor,3214.9794,53984,80,0.0,Corporate Auto,Four-Door Car,421.484456
BI76326,California,F,College,12275.3431,52135,156,0.0,Personal Auto,SUV,430.505942
JA34909,California,F,College,2722.2107,17576,71,0.0,Corporate Auto,Four-Door Car,398.502948
OJ90342,Oregon,F,Bachelor,2457.4409,29486,62,0.0,Personal Auto,Four-Door Car,7.646763
CM88932,Oregon,F,Master,3554.8453000000004,58557,88,0.0,Corporate Auto,Four-Door Car,55.510526
JJ97525,California,M,Bachelor,4929.5497,25632,63,0.0,Personal Auto,Two-Door Car,351.270869
XV21647,California,F,High School or Below,8036.4503,0,112,0.0,Personal Auto,Luxury,806.4
MC83487,Arizona,M,Bachelor,4276.915300000001,18768,68,3.0,Corporate Auto,Four-Door Car,647.454583
BL90769,California,F,Bachelor,33473.349500000004,33190,106,0.0,Personal Auto,SUV,508.8
CR57148,Oregon,F,Master,5960.5814,47945,74,0.0,Personal Auto,Two-Door Car,128.43823
CP85232,Arizona,M,College,44795.4694,58778,126,0.0,Special Auto,SUV,302.033971
YL74732,California,F,High School or Below,3832.1181,15192,100,0.0,Personal Auto,SUV,480.0
FG16766,California,F,Bachelor,6837.9326,51859,171,0.0,Personal Auto,SUV,1003.160633
NV55438,Nevada,F,High School or Below,5285.2681999999995,23422,72,0.0,Personal Auto,Two-Door Car,518.4
RM10880,California,F,College,3096.5112,21604,79,0.0,Corporate Auto,Four-Door Car,379.2
GL56175,Arizona,M,College,3589.7107,79298,90,0.0,Personal Auto,Four-Door Car,244.362072
UK52289,Arizona,F,Bachelor,2582.4085,76731,64,0.0,Special Auto,Four-Door Car,201.455005
OT85112,Washington,M,College,3403.9194,38460,88,1.0,Personal Auto,Four-Door Car,91.55098
BC62782,Arizona,F,College,13575.676000000001,48534,115,1.0,Personal Auto,SUV,552.0
TI19722,Washington,M,Doctor,3436.1342999999997,30817,88,0.0,Corporate Auto,Four-Door Car,91.834668
JP30654,Oregon,F,College,28685.8279,48412,104,0.0,Personal Auto,SUV,707.430832
UM45563,Washington,M,Bachelor,4502.6797,68798,114,0.0,Personal Auto,SUV,92.915251
EN60878,Oregon,M,Bachelor,6183.1115,23712,85,0.0,Personal Auto,Four-Door Car,376.126419
JF36291,California,M,College,3873.647,28142,105,0.0,Personal Auto,Luxury,701.708239
BK59444,California,F,Master,18929.3306,72196,68,0.0,Personal Auto,Four-Door Car,152.184244
MK70700,California,M,Master,5553.2958,68197,69,0.0,Personal Auto,Four-Door Car,176.819414
IW71076,California,M,Bachelor,5011.2591999999995,75248,63,0.0,Corporate Auto,Four-Door Car,104.454624
AP98768,California,F,College,10442.4463,0,98,0.0,Personal Auto,Four-Door Car,941.718054
OM24164,Nevada,M,Bachelor,2199.6178,0,65,1.0,Personal Auto,Two-Door Car,468.0
HR85211,Washington,F,Master,5123.1709,89879,63,0.0,Personal Auto,Two-Door Car,94.030308
VC87846,Oregon,M,High School or Below,7484.3105000000005,46998,96,0.0,Corporate Auto,Four-Door Car,460.8
ZM92052,Oregon,M,Bachelor,2613.0231,57099,67,0.0,Personal Auto,Two-Door Car,67.859881
ON73702,Arizona,F,Bachelor,9080.6397,33897,114,0.0,Corporate Auto,SUV,539.843003
QQ90441,Nevada,F,High School or Below,13770.976200000001,59207,116,0.0,Personal Auto,Four-Door Car,556.8
HU35721,Oregon,M,High School or Below,2876.8228999999997,40171,73,0.0,Personal Auto,Four-Door Car,350.4
YP47665,Washington,M,Doctor,5408.9115,80192,67,0.0,Personal Auto,Four-Door Car,95.193157
FU99476,Washington,M,High School or Below,6770.3068,74422,85,1.0,Personal Auto,Four-Door Car,95.338505
AG85615,Oregon,M,College,24143.8756,0,87,0.0,Special Auto,Four-Door Car,626.4
OY74069,Arizona,F,College,3538.0595000000003,0,67,5.0,Personal Auto,Four-Door Car,321.6
DJ91267,Nevada,F,Bachelor,29091.2394,34226,244,0.0,Personal Auto,Luxury,494.395024
KB72438,California,F,High School or Below,19834.2012,65989,123,1.0,Personal Auto,SUV,115.545086
TR67616,Oregon,M,High School or Below,4731.367,30686,61,0.0,Corporate Auto,Four-Door Car,19.938981
GF65731,California,F,Master,35537.846,0,113,0.0,Personal Auto,Luxury,799.926741
HB67642,Arizona,F,High School or Below,34611.379,20090,109,0.0,Personal Auto,Luxury,523.2
DP84567,California,M,High School or Below,20216.3088,0,183,0.0,Personal Auto,Luxury,878.4
VV77534,Oregon,M,College,13976.5193,77094,176,0.0,Personal Auto,SUV,444.470676
GL67540,California,F,College,5904.088199999999,97413,73,0.0,Personal Auto,Four-Door Car,268.819985
SV50502,Oregon,F,Master,5595.835,79189,69,0.0,Corporate Auto,Four-Door Car,331.2
UK59698,California,F,High School or Below,2294.3035999999997,0,62,0.0,Personal Auto,Two-Door Car,297.6
OA57352,Arizona,F,College,6273.911899999999,18577,86,0.0,Personal Auto,Four-Door Car,412.8
ZF84449,Oregon,F,College,3726.728,0,112,1.0,Special Auto,Luxury,806.4
AX86150,Washington,M,High School or Below,2656.7131,62777,67,0.0,Personal Auto,Two-Door Car,101.288069
HG39060,Oregon,M,Bachelor,5110.6808,0,74,0.0,Corporate Auto,Four-Door Car,532.8
EM29359,Nevada,M,College,7126.596500000001,17483,183,0.0,Personal Auto,Luxury,1317.6
SF57173,Oregon,M,Master,4601.634099999999,84394,114,0.0,Personal Auto,SUV,691.412378
OT47603,Oregon,M,College,9155.2397,0,127,0.0,Personal Auto,Luxury,804.811859
SW31412,Oregon,F,College,14808.0562,41440,62,1.0,Personal Auto,Four-Door Car,297.6
JS36322,Arizona,M,High School or Below,8901.678399999999,0,136,1.0,Personal Auto,Luxury,1090.86434
RE81445,Oregon,F,College,5734.598199999999,98132,71,0.0,Personal Auto,Two-Door Car,50.587035
RM24280,Oregon,F,High School or Below,4177.697,0,112,0.0,Personal Auto,Four-Door Car,537.6
LC25393,California,M,Bachelor,27776.2891,88220,230,0.0,Personal Auto,Luxury,151.528482
UX38930,Arizona,F,Master,10364.3475,58327,129,0.0,Personal Auto,SUV,347.075948
HD95496,Oregon,M,Master,7851.9014,25950,66,0.0,Personal Auto,Two-Door Car,271.697529
RX24650,Oregon,M,High School or Below,4772.9438,20993,133,0.0,Corporate Auto,SUV,638.4
DW19309,Oregon,M,High School or Below,14226.5049,65726,177,0.0,Corporate Auto,SUV,849.6
MT41386,Washington,M,Bachelor,2875.4323999999997,84768,72,0.0,Personal Auto,Two-Door Car,110.484661
WZ40465,Washington,F,Bachelor,5041.2996,36234,63,0.0,Personal Auto,Four-Door Car,113.534474
DB42794,California,M,College,4362.9312,58842,110,0.0,Personal Auto,Four-Door Car,528.0
JB50798,Oregon,F,Master,9624.5244,25629,124,2.0,Corporate Auto,Luxury,595.2
IP69763,Washington,F,College,21914.405499999997,77311,181,0.0,Personal Auto,SUV,113.609508
TE35785,California,M,Doctor,6948.4222,0,196,2.0,Personal Auto,Luxury,1337.063487
HX74855,Washington,M,High School or Below,2471.5284,95697,61,0.0,Personal Auto,Two-Door Car,114.273025
QN65180,Oregon,F,Bachelor,21903.9136,22254,79,0.0,Personal Auto,Four-Door Car,125.194389
GE47180,Nevada,M,High School or Below,9028.8214,65974,113,0.0,Personal Auto,Luxury,235.220971
VQ38776,Oregon,F,College,5303.759499999999,0,76,0.0,Personal Auto,Four-Door Car,395.34111
BH86846,Washington,M,High School or Below,20708.2588,92079,65,1.0,Corporate Auto,Four-Door Car,114.798771
IN17648,Nevada,M,High School or Below,5123.7681,0,74,0.0,Personal Auto,Two-Door Car,772.798511
DF95759,Oregon,M,College,9492.343,0,132,0.0,Personal Auto,SUV,633.6
QG45324,Oregon,F,High School or Below,8204.8632,0,73,0.0,Personal Auto,Four-Door Car,350.4
MN61620,Arizona,F,College,9877.295699999999,67752,131,4.0,Personal Auto,Luxury,168.517149
YH86390,California,F,Bachelor,4815.0097,25398,64,0.0,Corporate Auto,Four-Door Car,307.2
FY13480,California,M,High School or Below,6277.0117,0,88,0.0,Personal Auto,Four-Door Car,633.6
YH61661,California,M,High School or Below,8260.639799999999,33321,105,0.0,Special Auto,SUV,504.0
NL93182,Nevada,M,Bachelor,2549.45,0,78,0.0,Corporate Auto,Four-Door Car,845.654042
LN31673,Washington,,College,11318.0898,38923,99,2.0,Personal Auto,Four-Door Car,115.728852
WE68644,Oregon,F,Bachelor,3803.9218,20325,100,0.0,Personal Auto,Luxury,668.29397
EZ30498,Oregon,M,Bachelor,8635.4035,13129,117,0.0,Personal Auto,SUV,700.901632
QY74517,Oregon,F,High School or Below,5510.559,0,73,0.0,Personal Auto,Four-Door Car,525.6
NM88660,Nevada,M,Master,3585.8840999999998,49080,91,0.0,Corporate Auto,Four-Door Car,25.299
MZ82036,Nevada,M,College,4889.2528,42536,63,0.0,Personal Auto,Four-Door Car,375.330097
ID20929,Oregon,M,Bachelor,2756.9417,29926,74,0.0,Corporate Auto,Four-Door Car,418.233667
EY50028,Nevada,M,Doctor,3289.5474,0,86,0.0,Corporate Auto,Two-Door Car,398.240791
TT82373,California,F,Bachelor,10937.178500000002,21450,138,0.0,Personal Auto,Luxury,938.513425
OH64088,California,M,High School or Below,7375.5679,33345,65,0.0,Corporate Auto,Four-Door Car,338.619869
SK97780,California,F,Bachelor,10110.778199999999,15752,90,0.0,Corporate Auto,Two-Door Car,339.344531
IO33050,Oregon,F,High School or Below,5119.4143,40169,65,1.0,Personal Auto,Four-Door Car,302.818833
XA55917,California,F,College,8533.832,26049,113,1.0,Personal Auto,SUV,619.165344
JK32620,Nevada,M,College,2224.768,0,68,0.0,Personal Auto,Four-Door Car,326.4
RQ19236,Arizona,M,Doctor,8042.8038,55411,100,0.0,Personal Auto,Luxury,259.561195
QC47433,Oregon,M,College,2554.4371,12459,70,0.0,Personal Auto,Four-Door Car,336.0
RA93608,Oregon,M,Bachelor,18073.94,64620,76,1.0,Personal Auto,Two-Door Car,364.8
XH97711,California,M,Bachelor,2430.5066,83140,61,0.0,Corporate Auto,Four-Door Car,179.161843
AU96286,Oregon,F,Bachelor,3167.6584000000003,0,92,0.0,Corporate Auto,Four-Door Car,662.4
KC17170,Arizona,F,Bachelor,5465.604,54422,68,0.0,Corporate Auto,Four-Door Car,75.501852
ZN47335,California,M,College,10357.5142,68309,131,0.0,Corporate Auto,SUV,306.983596
EI46264,California,M,High School or Below,2537.8139,56621,65,2.0,Personal Auto,Four-Door Car,84.026848
EK87864,Arizona,F,College,2821.9471999999996,38977,70,0.0,Special Auto,Four-Door Car,139.489926
GV45403,Arizona,M,Bachelor,7757.128100000001,0,111,0.0,Corporate Auto,Two-Door Car,607.4459
QK31192,Arizona,M,High School or Below,4079.1327,0,114,0.0,Corporate Auto,Two-Door Car,631.124372
LU89008,Arizona,F,College,5955.544599999999,0,83,0.0,Personal Auto,Four-Door Car,628.023494
NS10490,Oregon,F,Bachelor,14158.6136,83235,70,0.0,Personal Auto,Two-Door Car,336.0
KL98495,Nevada,M,College,8487.238000000001,0,74,0.0,Personal Auto,Two-Door Car,426.655599
IU96845,Arizona,M,College,6285.4769,32390,80,0.0,Personal Auto,Four-Door Car,91.417923
QL93655,Oregon,F,High School or Below,11473.4815,66538,95,0.0,Personal Auto,Two-Door Car,317.844812
PF40592,Washington,F,College,4942.6306,23285,65,0.0,Personal Auto,Two-Door Car,118.446235
LZ34046,Oregon,M,Bachelor,23594.6802,76358,66,0.0,Personal Auto,Four-Door Car,86.461582
JC80093,Washington,M,Master,2572.5066,21104,66,0.0,Personal Auto,Four-Door Car,118.454974
YE88490,Arizona,F,College,5380.8985999999995,55350,67,0.0,Personal Auto,Four-Door Car,321.6
YC80498,California,F,College,4770.5509,12964,65,0.0,Personal Auto,Two-Door Car,362.774545
AI85843,Arizona,F,Master,6756.6514,33288,86,2.0,Personal Auto,Four-Door Car,221.856184
XD66024,Arizona,F,College,5936.0118,0,84,0.0,Personal Auto,Four-Door Car,980.169081
FY51713,Arizona,F,Bachelor,3570.7605,56168,88,0.0,Personal Auto,Four-Door Car,614.675906
PH26378,California,M,College,6019.9605,0,92,0.0,Personal Auto,Four-Door Car,662.4
WQ18638,Oregon,M,High School or Below,5426.8640000000005,23105,69,0.0,Personal Auto,Two-Door Car,331.2
KY14688,Oregon,F,Master,2730.3138,36218,68,0.0,Personal Auto,Four-Door Car,145.252168
TC97762,California,F,High School or Below,4982.6814,52275,62,0.0,Corporate Auto,Four-Door Car,374.240783
QC87108,Oregon,F,College,8769.266800000001,49665,74,0.0,Personal Auto,Four-Door Car,355.2
CX12134,Nevada,M,High School or Below,4220.6134999999995,32471,110,0.0,Personal Auto,Two-Door Car,528.0
SM73248,Arizona,M,High School or Below,11537.5051,0,86,1.0,Corporate Auto,Two-Door Car,619.2
CK19789,California,F,Master,5887.182,62773,73,0.0,Personal Auto,Four-Door Car,80.669257
UV12583,California,F,College,4700.5838,76694,117,0.0,Personal Auto,SUV,561.6
JC11405,Oregon,M,High School or Below,10963.957199999999,55687,276,0.0,Personal Auto,Luxury,1324.8
KA89683,Arizona,F,High School or Below,2523.1711999999998,0,70,0.0,Personal Auto,Four-Door Car,504.0
BG85305,Nevada,M,Doctor,3757.8046999999997,36633,96,1.0,Personal Auto,Four-Door Car,460.8
UQ87917,Oregon,M,High School or Below,12941.7335,77060,106,0.0,Personal Auto,SUV,468.566133
XN11823,Nevada,F,Bachelor,3764.4651,92600,94,0.0,Corporate Auto,Two-Door Car,842.43785
OS46571,California,M,High School or Below,6889.557,0,66,0.0,Personal Auto,Four-Door Car,475.2
PX17116,Nevada,M,College,3623.4541999999997,0,111,2.0,Corporate Auto,SUV,1171.93117
RP19541,Arizona,M,College,7582.1138,64801,64,0.0,Personal Auto,Four-Door Car,268.471802
ZR25747,Oregon,F,College,8277.7456,45257,103,0.0,Corporate Auto,Two-Door Car,494.4
NQ86532,California,M,High School or Below,2576.4556,26854,66,0.0,Personal Auto,Four-Door Car,475.2
JY27336,Oregon,F,College,8205.3879,85840,102,2.0,Corporate Auto,SUV,138.722385
PB54378,Oregon,F,Doctor,19582.4689,26463,72,0.0,Corporate Auto,Four-Door Car,345.6
SV38190,Nevada,F,Bachelor,6481.5266,30689,81,0.0,Personal Auto,Four-Door Car,467.24802
CV24005,Oregon,M,High School or Below,2599.3109,29590,66,0.0,Corporate Auto,Two-Door Car,467.503236
EX28656,Oregon,F,College,9830.3376,25965,253,0.0,Personal Auto,Luxury,1214.4
CF57022,Oregon,M,Bachelor,10442.6514,17269,139,0.0,Personal Auto,SUV,667.2
GM16780,Oregon,M,College,36057.537000000004,90330,137,3.0,Corporate Auto,Luxury,192.085299
BX94438,California,F,High School or Below,8470.0368,0,113,0.0,Corporate Auto,SUV,619.973889
RM41745,California,F,High School or Below,8278.7865,0,110,0.0,Personal Auto,Four-Door Car,1002.782553
XR70252,California,F,High School or Below,4788.9326,0,67,1.0,Personal Auto,Two-Door Car,321.6
YH92099,Arizona,F,Bachelor,3087.9999,18558,80,0.0,Special Auto,Four-Door Car,384.0
SG81493,Arizona,M,Bachelor,4443.7362,46384,113,0.0,Corporate Auto,Four-Door Car,251.774574
ZX23819,Oregon,F,High School or Below,7984.0865,0,72,0.0,Personal Auto,Two-Door Car,866.208321
FJ54907,Oregon,F,College,7180.971,42303,180,0.0,Personal Auto,Luxury,1210.920949
CU26127,California,F,Bachelor,15656.0343,71731,130,0.0,Corporate Auto,SUV,599.648466
YH60476,Oregon,M,High School or Below,5780.182199999999,51066,74,0.0,Corporate Auto,Four-Door Car,787.993313
ZZ97035,California,M,College,20714.9404,0,203,0.0,Corporate Auto,Luxury,2027.724442
GE82737,Nevada,F,Bachelor,5337.3524,0,86,3.0,Personal Auto,Four-Door Car,619.2
KY21873,Arizona,M,College,5050.8261999999995,0,69,0.0,Personal Auto,Two-Door Car,72.852047
UA51318,Arizona,F,High School or Below,5116.624,26173,68,1.0,Corporate Auto,Four-Door Car,449.819671
BV55014,Oregon,M,Bachelor,7268.736999999999,24445,63,0.0,Personal Auto,Two-Door Car,302.4
HX21307,Oregon,M,College,2616.6139000000003,72302,66,0.0,Personal Auto,Two-Door Car,316.8
LQ68252,Oregon,M,High School or Below,3738.4362,27208,102,0.0,Personal Auto,SUV,489.6
CR92802,California,F,Master,2725.3564,36650,69,1.0,Special Auto,Four-Door Car,56.60333
SL35268,Arizona,M,College,5453.8612,30855,68,0.0,Corporate Auto,Four-Door Car,259.060862
RD62882,Arizona,F,Bachelor,6846.1503,0,95,0.0,Personal Auto,Two-Door Car,456.0
JS42382,Oregon,M,Master,6172.9142,99960,76,0.0,Corporate Auto,Four-Door Car,364.8
BT30554,Arizona,F,Bachelor,10346.324499999999,0,98,0.0,Personal Auto,Four-Door Car,470.4
VP57424,Nevada,F,Bachelor,6997.0086,55873,88,0.0,Personal Auto,Four-Door Car,299.356083
VU19243,Arizona,F,High School or Below,4196.2577,18052,111,0.0,Personal Auto,Four-Door Car,699.1679
TA82973,Oregon,F,High School or Below,7858.1098,28937,104,2.0,Personal Auto,SUV,117.959654
GK71720,Oregon,F,High School or Below,6064.344,0,86,0.0,Personal Auto,Four-Door Car,545.240341
OQ61223,California,M,College,17497.522,0,73,0.0,Personal Auto,Two-Door Car,350.4
LL62746,Oregon,M,Doctor,8970.6473,12829,118,0.0,Personal Auto,SUV,328.231432
JQ56711,Oregon,F,Master,5923.1172,92163,73,0.0,Personal Auto,Two-Door Car,66.568642
AW77988,Oregon,M,High School or Below,35850.5994,17588,192,0.0,Personal Auto,Luxury,1382.4
QP84605,Washington,F,Bachelor,8709.8453,41546,111,0.0,Corporate Auto,Four-Door Car,121.306839
MY97912,Arizona,M,College,13309.3352,0,127,0.0,Personal Auto,SUV,609.6
IB87349,California,M,High School or Below,4528.5049,70340,113,0.0,Special Auto,Four-Door Car,542.4
AW73065,Oregon,F,High School or Below,2791.9065,0,74,0.0,Personal Auto,Four-Door Car,532.8
BW80872,Washington,M,High School or Below,4434.4112,34549,111,0.0,Personal Auto,Four-Door Car,125.933005
PX70175,Arizona,M,College,7996.0075,93459,99,0.0,Personal Auto,Four-Door Car,655.41333
KF75098,Arizona,M,Bachelor,5129.7390000000005,86148,65,2.0,Personal Auto,Four-Door Car,312.0
IS50283,California,F,Bachelor,5697.175200000001,27048,72,0.0,Corporate Auto,Four-Door Car,345.6
MY64920,Oregon,F,College,9217.1306,73259,115,0.0,Personal Auto,SUV,673.34265
KN34250,Oregon,F,College,10208.9276,35482,129,0.0,Corporate Auto,SUV,619.2
GN46207,Oregon,F,Master,4170.6873,29462,107,1.0,Personal Auto,SUV,513.6
KL57176,Oregon,F,College,4505.4058,67801,115,1.0,Personal Auto,SUV,23.810491
MN94234,California,M,High School or Below,3107.5686,0,94,4.0,Personal Auto,Two-Door Car,451.2
JY90595,Arizona,M,High School or Below,5528.665,16042,73,0.0,Personal Auto,Two-Door Car,350.4
HK26543,California,M,High School or Below,5045.8667,28056,64,1.0,Personal Auto,Four-Door Car,307.2
PN86062,California,M,High School or Below,2962.7225,16495,85,3.0,Corporate Auto,Four-Door Car,408.0
VW27730,California,F,Master,8665.956400000001,41163,108,0.0,Corporate Auto,SUV,231.922173
SH55671,Arizona,F,College,11413.441200000001,0,161,1.0,Personal Auto,Luxury,772.8
MO56878,California,M,Bachelor,15488.431999999999,33799,109,3.0,Corporate Auto,SUV,664.980242
VO38365,Washington,F,College,8861.1495,90125,110,0.0,Corporate Auto,SUV,128.645946
SV35618,Oregon,F,Bachelor,5934.7415,87747,147,1.0,Personal Auto,SUV,46.492039
RX12347,Nevada,M,College,3543.2321,35695,90,0.0,Personal Auto,Four-Door Car,432.0
FR55658,California,M,Master,3490.0283,90985,87,0.0,Personal Auto,Four-Door Car,78.085149
XS12556,California,F,College,3683.0998999999997,0,101,0.0,Corporate Auto,Luxury,564.466556
ZU73588,California,M,College,5989.7739,66839,154,0.0,Personal Auto,Luxury,739.2
WT43034,California,F,High School or Below,12500.843,0,165,0.0,Personal Auto,SUV,792.0
VM13430,Oregon,F,Bachelor,8609.1582,79090,107,0.0,Corporate Auto,SUV,289.040734
TC78849,Oregon,M,Bachelor,2497.4551,24825,64,0.0,Personal Auto,Two-Door Car,155.938593
VC34764,California,M,College,7019.1772,26806,63,0.0,Personal Auto,Four-Door Car,302.4
WO90953,Oregon,F,College,5387.9263,56835,67,0.0,Personal Auto,Two-Door Car,326.549425
IU47468,Oregon,F,Bachelor,6165.5575,0,88,0.0,Special Auto,Two-Door Car,653.65668
KO46064,California,M,Bachelor,2730.2028999999998,46135,69,0.0,Personal Auto,Four-Door Car,103.935601
RB34917,Arizona,F,Bachelor,5162.1169,0,73,0.0,Personal Auto,Four-Door Car,809.532341
BI38192,Oregon,F,High School or Below,7937.0648,22862,67,0.0,Personal Auto,Two-Door Car,321.6
PU18983,Oregon,F,High School or Below,8608.1572,21450,110,2.0,Personal Auto,Luxury,528.0
SW79912,Oregon,M,Bachelor,2632.5458000000003,95854,65,0.0,Personal Auto,Two-Door Car,312.0
ES39217,Oregon,F,Bachelor,7785.0042,44897,99,1.0,Personal Auto,Four-Door Car,580.72531
KP72427,Washington,M,High School or Below,21639.8386,64455,108,0.0,Personal Auto,SUV,133.735395
UA19178,Oregon,F,Master,4980.825,53265,62,0.0,Personal Auto,Four-Door Car,238.005074
PR53785,Arizona,F,High School or Below,7457.2378,0,198,1.0,Personal Auto,Luxury,1577.674417
XF57481,Washington,M,Master,10640.9393,50450,90,0.0,Personal Auto,Two-Door Car,135.892444
CN90378,California,F,High School or Below,6862.5082999999995,54780,88,3.0,Personal Auto,Four-Door Car,135.26125
KI56154,Nevada,M,High School or Below,9048.9834,0,119,0.0,Personal Auto,Luxury,571.2
UI55951,California,M,Bachelor,5548.031899999999,67798,69,0.0,Personal Auto,Four-Door Car,331.2
FF28650,Oregon,M,Bachelor,8312.6816,21442,118,0.0,Personal Auto,SUV,566.4
FS55302,California,M,Bachelor,2389.981,27615,62,1.0,Personal Auto,Four-Door Car,297.6
TN79487,California,M,Bachelor,4458.1134,17622,65,1.0,Personal Auto,Four-Door Car,312.0
HG32616,Nevada,M,High School or Below,5295.7417000000005,50200,135,0.0,Personal Auto,Luxury,637.063458
UK41984,Arizona,F,Doctor,3839.6061,0,112,2.0,Personal Auto,SUV,537.6
LZ52266,California,F,High School or Below,3731.5046,0,96,0.0,Personal Auto,Four-Door Car,460.8
PM27367,California,F,Master,2778.9037,73570,70,1.0,Special Auto,Two-Door Car,75.936096
ZK21724,Oregon,F,High School or Below,4016.542,0,111,0.0,Personal Auto,SUV,799.2
BH35482,Washington,M,Doctor,4930.9493,70412,61,0.0,Corporate Auto,Two-Door Car,136.291083
QE22757,Nevada,M,Doctor,2491.317,36631,62,0.0,Personal Auto,Four-Door Car,67.530904
ON77649,Oregon,F,College,2908.8759000000005,35895,73,0.0,Personal Auto,Four-Door Car,312.921256
RN82884,Arizona,F,College,4282.948,40864,109,1.0,Personal Auto,SUV,166.937747
CQ75652,Oregon,M,College,8341.6237,0,118,0.0,Personal Auto,Four-Door Car,566.4
FF58467,Arizona,F,Master,5090.7813,93018,63,0.0,Personal Auto,Four-Door Car,135.382194
BS83666,Oregon,M,Bachelor,7366.1883,70014,62,0.0,Corporate Auto,Four-Door Car,17.742954
WO29605,Oregon,F,College,2436.8751,48875,61,0.0,Personal Auto,Two-Door Car,1.838367
TL77607,California,M,Bachelor,8852.6887,67969,74,0.0,Personal Auto,Four-Door Car,197.776009
EZ50606,Oregon,F,High School or Below,23875.4768,0,108,0.0,Corporate Auto,SUV,612.102262
OS39723,Oregon,F,Doctor,5600.4965,68665,69,0.0,Personal Auto,Two-Door Car,331.2
FN69743,California,M,College,4636.5465,26802,66,1.0,Corporate Auto,Two-Door Car,316.8
XW96958,Nevada,M,High School or Below,7573.3451000000005,0,110,0.0,Corporate Auto,Four-Door Car,1193.036154
TU92578,California,M,College,14696.6355,45345,125,0.0,Personal Auto,SUV,600.0
TL43709,Washington,M,Bachelor,8972.140300000001,89689,74,0.0,Personal Auto,Four-Door Car,136.829537
YE68736,California,F,Bachelor,7724.8401,32051,193,1.0,Personal Auto,SUV,926.4
OB96537,Oregon,M,Master,5946.6707,81139,74,0.0,Special Auto,Four-Door Car,392.6364
EU68825,Oregon,F,Master,8000.5451,63834,100,1.0,Personal Auto,Luxury,215.226476
CC31456,Arizona,M,Bachelor,6457.561,37548,81,0.0,Special Auto,Four-Door Car,160.598662
DJ77787,Arizona,F,High School or Below,7281.4401,0,69,3.0,Personal Auto,Four-Door Car,371.803029
LN26837,California,M,High School or Below,2592.4378,72421,65,0.0,Personal Auto,Four-Door Car,312.0
YI92916,Nevada,M,Master,4678.423400000001,83102,116,0.0,Corporate Auto,Four-Door Car,443.670399
NW54906,Oregon,M,College,13869.927099999999,28432,118,0.0,Personal Auto,SUV,612.300581
ME77513,Nevada,F,Master,8717.7778,83707,108,0.0,Corporate Auto,Four-Door Car,290.391526
UK76891,California,F,College,5233.9868,63259,65,0.0,Corporate Auto,Four-Door Car,316.795337
SI26888,Nevada,F,High School or Below,4764.1897,0,67,0.0,Personal Auto,Four-Door Car,405.527937
YD74948,Oregon,F,College,2472.4692,63860,62,0.0,Personal Auto,Four-Door Car,208.598246
HB64268,Washington,M,Bachelor,2813.6926000000003,43836,73,0.0,Personal Auto,Four-Door Car,138.130879
BW52697,California,F,College,5505.057,86132,68,0.0,Personal Auto,Two-Door Car,301.437365
NL41409,Oregon,F,Bachelor,2606.2085,28519,66,0.0,Personal Auto,Two-Door Car,456.473115
OD69005,Arizona,F,High School or Below,10481.943800000001,39102,88,0.0,Personal Auto,Four-Door Car,152.338562
ZZ91716,California,F,Bachelor,3256.7664,0,89,0.0,Personal Auto,Four-Door Car,491.755368
UK70255,California,F,College,30475.780499999997,97298,128,0.0,Personal Auto,Luxury,48.517439
QT25383,Nevada,M,High School or Below,6364.9021999999995,41986,84,2.0,Personal Auto,Two-Door Car,430.375049
AW18068,Arizona,M,High School or Below,9468.5093,0,88,0.0,Personal Auto,Two-Door Car,633.6
NS45347,Oregon,F,College,5631.451899999999,17291,73,0.0,Personal Auto,Four-Door Car,350.4
FV19421,California,M,Bachelor,7780.9993,0,74,0.0,Personal Auto,Four-Door Car,246.489123
XW89091,California,M,College,9816.5283,37256,62,0.0,Personal Auto,Four-Door Car,128.969729
YC11951,Oregon,M,High School or Below,7519.1336,96306,95,1.0,Corporate Auto,Four-Door Car,185.355353
UY18770,California,F,Bachelor,10179.716999999999,14290,271,0.0,Personal Auto,Luxury,1300.8
RA49085,California,F,College,2772.8392,37038,71,1.0,Corporate Auto,Four-Door Car,9.071305
BG84194,Oregon,M,College,4037.5018,90760,103,2.0,Special Auto,SUV,133.475315
PT64580,Washington,M,Master,4191.9661,77048,103,0.0,Personal Auto,SUV,141.199465
MR67738,Oregon,F,High School or Below,2676.8678999999997,54480,67,0.0,Personal Auto,Four-Door Car,321.6
DM95829,California,M,College,2523.9596,16244,68,0.0,Personal Auto,Two-Door Car,623.223617
DB75522,California,F,College,6988.4016,22436,89,0.0,Special Auto,Four-Door Car,427.2
LM34525,Washington,F,College,8742.0578,71592,72,0.0,Personal Auto,Four-Door Car,141.725051
WW30771,Arizona,M,Master,2673.3196000000003,28728,67,0.0,Personal Auto,Four-Door Car,321.6
QP65569,Arizona,M,High School or Below,12157.3299,57449,103,0.0,Personal Auto,Four-Door Car,494.4
TN50051,California,F,Doctor,2957.764,83318,73,0.0,Personal Auto,Two-Door Car,211.336937
UO86707,Washington,M,Bachelor,7173.9094,75217,61,1.0,Personal Auto,Four-Door Car,147.080303
JA41698,Nevada,M,Bachelor,3099.538,0,102,5.0,Corporate Auto,SUV,862.762957
NX18774,Oregon,M,Bachelor,8415.6846,55308,107,0.0,Corporate Auto,SUV,513.6
DA69469,Oregon,F,College,26843.1245,36068,97,0.0,Personal Auto,Two-Door Car,113.367765
CN23147,Oregon,M,Bachelor,13057.1707,48804,112,1.0,Corporate Auto,Four-Door Car,537.6
RA68844,Oregon,M,College,9599.9502,0,131,0.0,Personal Auto,SUV,943.2
GH42026,Oregon,M,Bachelor,8535.1089,55790,111,0.0,Personal Auto,SUV,117.672722
BD16530,Arizona,F,Bachelor,8293.481899999999,70258,69,0.0,Personal Auto,Four-Door Car,225.145949
JH91579,Oregon,F,Bachelor,6846.1503,0,95,0.0,Personal Auto,Two-Door Car,456.0
WK23685,Oregon,F,Bachelor,6636.8598,47274,83,1.0,Corporate Auto,Four-Door Car,182.432565
GR62267,Washington,F,College,5609.0825,44705,71,0.0,Personal Auto,Two-Door Car,148.173152
PI78084,Arizona,M,High School or Below,5077.320900000001,0,73,0.0,Personal Auto,Two-Door Car,525.6
GF97874,Washington,F,Master,5275.6269999999995,70446,65,0.0,Personal Auto,Four-Door Car,155.570802
ZH19885,Washington,F,High School or Below,2514.592,43860,65,0.0,Personal Auto,Four-Door Car,156.124914
UK25655,Oregon,F,Bachelor,3435.2501,64348,86,0.0,Personal Auto,Two-Door Car,212.391975
QR45101,Oregon,M,Bachelor,6624.611800000001,0,62,0.0,Corporate Auto,Two-Door Car,297.6
EL93539,California,M,Master,5757.4423,88997,72,0.0,Special Auto,Four-Door Car,174.041566
EE99484,Washington,F,High School or Below,2514.592,43860,65,0.0,Corporate Auto,Four-Door Car,156.124914
DP46882,California,F,High School or Below,2886.4516,10312,78,0.0,Corporate Auto,Four-Door Car,486.278557
WP41146,California,F,High School or Below,5341.4388,0,72,1.0,Personal Auto,Four-Door Car,345.6
TK60799,Arizona,F,High School or Below,4160.0181,96263,103,0.0,Personal Auto,SUV,1.924709
DN29808,California,F,College,2846.2454,28919,72,0.0,Corporate Auto,Four-Door Car,518.4
SS59521,Oregon,F,College,4770.2566,0,68,1.0,Personal Auto,Two-Door Car,326.4
NG66579,Oregon,M,Bachelor,5059.6162,41869,64,0.0,Personal Auto,Two-Door Car,262.12205
TC14209,Arizona,F,High School or Below,9095.7446,0,128,0.0,Personal Auto,SUV,921.6
ED50963,California,F,High School or Below,2688.864,32808,68,1.0,Personal Auto,Four-Door Car,541.695658
GP40701,California,F,Bachelor,8277.6376,79780,68,0.0,Personal Auto,Four-Door Car,326.4
CP98451,Oregon,F,College,9057.935300000001,91025,112,0.0,Personal Auto,SUV,327.682669
NX52648,California,F,High School or Below,3801.7504,33043,95,0.0,Personal Auto,Two-Door Car,456.0
ZC32510,Arizona,M,High School or Below,9339.3416,69442,118,3.0,Personal Auto,Four-Door Car,1265.570302
NG27780,Oregon,M,College,2520.1232,0,70,0.0,Corporate Auto,Four-Door Car,63.043197
HN95240,Arizona,F,College,4984.0953,0,70,0.0,Corporate Auto,Four-Door Car,336.0
EB59129,Oregon,F,Bachelor,2595.748,47234,65,0.0,Personal Auto,Four-Door Car,15.631363
RA70851,Oregon,M,High School or Below,7437.6933,86863,92,0.0,Personal Auto,Four-Door Car,441.6
PM19162,Oregon,M,Bachelor,14536.7876,25805,66,2.0,Personal Auto,Four-Door Car,375.866091
MS59005,Nevada,M,Bachelor,5913.305899999999,43676,76,0.0,Personal Auto,Four-Door Car,364.8
SU71163,Arizona,M,College,2771.663,59855,74,4.0,Personal Auto,Two-Door Car,355.2
BD35676,Arizona,M,Master,29194.366400000003,35296,126,0.0,Personal Auto,SUV,452.616872
NI44621,Oregon,F,Master,9880.3858,36576,125,1.0,Personal Auto,SUV,113.450122
EW33419,California,F,High School or Below,15114.402399999999,28513,100,1.0,Corporate Auto,SUV,480.0
HX44948,Oregon,M,Bachelor,5759.9108,85448,72,0.0,Special Auto,Four-Door Car,16.03451
DL36983,Oregon,F,High School or Below,8495.164200000001,23791,110,3.0,Personal Auto,Two-Door Car,615.27228
XR87264,California,F,Bachelor,4381.1842,20597,112,0.0,Personal Auto,Four-Door Car,615.256301
NN99001,Arizona,F,College,6997.8274,56940,87,0.0,Personal Auto,Four-Door Car,512.66245
XV95530,Oregon,M,Bachelor,11430.588500000002,93210,71,0.0,Personal Auto,Two-Door Car,74.523935
OL97871,Oregon,F,Bachelor,7482.4861,48992,94,1.0,Personal Auto,Four-Door Car,426.072946
HQ23708,Arizona,F,Master,8596.9166,53736,71,0.0,Personal Auto,Two-Door Car,169.287785
WR63188,Arizona,M,College,7854.9608,25378,66,1.0,Personal Auto,Four-Door Car,419.464143
NG82219,Oregon,F,Bachelor,2582.4085,76731,64,0.0,Personal Auto,Four-Door Car,201.455005
KU29408,Washington,M,Master,9075.768199999999,37722,116,0.0,Corporate Auto,Luxury,158.077504
RE46783,California,F,Bachelor,4118.5886,69379,103,0.0,Personal Auto,Two-Door Car,494.4
RU94434,Oregon,M,High School or Below,12157.3299,57449,103,0.0,Personal Auto,Four-Door Car,494.4
GI82355,Arizona,M,Bachelor,5152.8196,0,68,0.0,Corporate Auto,Four-Door Car,326.4
VO26340,Nevada,M,College,6512.976500000001,0,93,0.0,Personal Auto,Two-Door Car,669.6
NV61299,Arizona,F,Bachelor,27789.692400000004,33806,89,0.0,Corporate Auto,Four-Door Car,395.729716
DX31066,Washington,F,College,2667.27,94041,66,0.0,Personal Auto,Four-Door Car,159.756733
CY50337,Oregon,F,College,10928.4071,74965,90,0.0,Personal Auto,Four-Door Car,58.557552
TJ20375,Arizona,F,High School or Below,7615.3813,34095,63,0.0,Personal Auto,Two-Door Car,302.4
EP72155,California,F,College,2004.3507,0,66,4.0,Personal Auto,Four-Door Car,316.8
JJ76159,California,M,College,2434.6812,96045,61,0.0,Corporate Auto,Four-Door Car,8.582971
BG15419,Nevada,F,Bachelor,14195.3603,86355,118,0.0,Personal Auto,Luxury,285.418473
AO74776,California,F,High School or Below,9427.6849,27824,118,0.0,Personal Auto,SUV,566.4
HQ82233,California,M,High School or Below,11982.420900000001,42995,101,0.0,Personal Auto,SUV,410.508316
OL72737,Oregon,F,High School or Below,3102.7895000000003,21235,79,0.0,Personal Auto,Two-Door Car,244.23135
ZQ59828,California,M,High School or Below,4222.6312,74585,106,0.0,Personal Auto,SUV,218.598065
NZ15548,Oregon,M,Bachelor,4023.8144,41833,103,0.0,Personal Auto,Four-Door Car,643.826716
XK61304,California,F,College,5297.151800000001,23908,70,0.0,Personal Auto,Four-Door Car,336.0
EJ44139,Oregon,M,Bachelor,21423.6372,0,65,0.0,Personal Auto,Two-Door Car,312.0
CM94425,Arizona,M,Bachelor,4416.2062,61953,113,0.0,Personal Auto,SUV,497.047297
OV54878,California,M,Bachelor,4639.0352,0,142,0.0,Corporate Auto,SUV,1022.4
JF57282,Nevada,M,Bachelor,4863.5446,0,137,0.0,Personal Auto,SUV,657.6
MY37953,Arizona,F,Bachelor,25830.9098,73760,107,1.0,Personal Auto,Luxury,230.245772
XP64922,Oregon,F,College,2974.3149,23333,74,0.0,Corporate Auto,Four-Door Car,5.622751
WL65572,California,M,College,2064.4588,0,61,0.0,Personal Auto,Four-Door Car,292.8
LN50325,Arizona,F,High School or Below,10064.6083,20440,128,2.0,Corporate Auto,Luxury,614.4
HJ15383,Washington,M,Master,8032.4019,27658,68,0.0,Personal Auto,Four-Door Car,160.07526
KH59823,California,M,College,5489.2141,50943,139,0.0,Special Auto,SUV,667.2
YM79169,California,M,Bachelor,2612.7567,19003,71,0.0,Personal Auto,Two-Door Car,34.651305
DR38127,California,M,College,8573.4639,46703,108,0.0,Personal Auto,Four-Door Car,678.100487
PU42145,California,M,Bachelor,24127.504,14072,71,0.0,Personal Auto,Four-Door Car,511.2
KM33477,Oregon,M,College,8550.3866,21733,73,0.0,Corporate Auto,Four-Door Car,525.6
RI53167,Arizona,M,Bachelor,2308.6479999999997,20811,61,0.0,Personal Auto,Four-Door Car,292.8
OF77789,Arizona,F,High School or Below,4254.6207,11904,61,2.0,Personal Auto,Two-Door Car,292.8
YB33445,Oregon,F,College,8982.850400000001,43490,114,4.0,Corporate Auto,SUV,174.588413
BA17836,California,M,High School or Below,7868.166,57340,67,0.0,Corporate Auto,Four-Door Car,159.391681
JS43228,California,M,College,7704.2487,49088,97,0.0,Corporate Auto,Four-Door Car,698.4
BB11622,Nevada,M,Master,10552.17,47761,131,0.0,Personal Auto,SUV,232.711071
HQ70429,Washington,F,College,16045.109499999999,0,65,0.0,Personal Auto,Two-Door Car,163.046956
WK88044,Arizona,M,Bachelor,8737.8375,61281,110,0.0,Personal Auto,SUV,79.865605
LA80525,Nevada,M,Bachelor,5454.8907,0,82,1.0,Corporate Auto,Two-Door Car,393.6
EH16250,Arizona,M,Bachelor,7705.283299999999,25290,66,0.0,Personal Auto,Four-Door Car,382.085897
PU41872,Arizona,F,High School or Below,7039.2624,24239,88,0.0,Personal Auto,Four-Door Car,48.348319
HB85743,California,M,Bachelor,8838.0856,82664,114,3.0,Personal Auto,SUV,133.425609
MM71959,Arizona,M,Bachelor,8733.5273,83210,110,0.0,Personal Auto,Luxury,528.0
MB83663,Oregon,F,Bachelor,9597.4748,38736,81,0.0,Personal Auto,Two-Door Car,561.414794
KR43119,California,M,College,4506.6602,0,66,0.0,Personal Auto,Four-Door Car,316.8
KH24214,Oregon,M,College,17857.9723,55437,64,1.0,Personal Auto,Four-Door Car,445.287788
AC40767,Washington,M,Bachelor,2497.8082,68041,6464,0.0,Personal Auto,Two-Door Car,165.570243
HP55391,Oregon,M,Master,5426.1362,0,71,0.0,Corporate Auto,Four-Door Car,407.99684
EG62398,California,F,High School or Below,7998.1438,29066,100,0.0,Personal Auto,SUV,844.229478
VS19949,Nevada,M,Bachelor,2897.6207,54337,72,0.0,Personal Auto,Four-Door Car,345.6
AM92343,Oregon,F,High School or Below,11599.502199999999,67616,96,0.0,Personal Auto,Four-Door Car,340.306584
GI68556,California,F,Bachelor,15147.9306,41082,63,0.0,Personal Auto,Two-Door Car,106.647493
JT11876,Washington,F,High School or Below,5435.7678000000005,0,10202,0.0,Personal Auto,Four-Door Car,626.116259
XR64251,Nevada,F,Master,2725.3564,36650,69,1.0,Personal Auto,Four-Door Car,56.60333
MK34957,Oregon,F,College,13297.7123,50631,112,4.0,Special Auto,SUV,784.65781
GP18756,California,M,College,9927.0497,19592,92,0.0,Personal Auto,Four-Door Car,441.6
AP23850,Washington,F,High School or Below,17771.549,0,114,0.0,Personal Auto,Two-Door Car,547.2
KQ65521,Arizona,F,College,18269.2702,55761,115,0.0,Personal Auto,Luxury,86.27772
EJ19449,California,F,College,2722.2107,17576,71,0.0,Special Auto,Four-Door Car,398.502948
QB70027,California,F,Bachelor,7083.2124,41449,89,0.0,Personal Auto,Four-Door Car,63.516572
QW47320,California,F,Bachelor,10179.716999999999,14290,271,0.0,Personal Auto,Luxury,1300.8
KH64733,Nevada,F,College,5889.5091,62007,73,0.0,Personal Auto,Four-Door Car,120.015609
ON59472,Arizona,M,High School or Below,15771.3934,21921,206,0.0,Corporate Auto,Luxury,1254.137899
HP94242,Arizona,F,Bachelor,5288.1732999999995,42621,66,0.0,Personal Auto,Four-Door Car,316.8
RV15398,Oregon,M,College,27580.554,0,87,1.0,Personal Auto,Four-Door Car,417.6
EA25683,Washington,M,High School or Below,7778.5323,63786,196,0.0,Corporate Auto,Luxury,798.002689
PW73754,California,F,High School or Below,7341.8613000000005,0,104,3.0,Personal Auto,Luxury,82.041684
MC71942,California,F,High School or Below,7919.196999999999,82877,99,1.0,Personal Auto,Two-Door Car,22.819088
OX72195,Arizona,M,College,2163.8702,0,63,0.0,Corporate Auto,Two-Door Car,302.4
YQ99152,Nevada,M,High School or Below,9787.8088,10475,88,1.0,Personal Auto,Two-Door Car,422.4
KI19439,Oregon,F,High School or Below,5207.6408,21952,66,0.0,Personal Auto,Four-Door Car,316.8
PM76175,Oregon,F,Bachelor,21147.2772,49721,132,0.0,Corporate Auto,Luxury,639.971388
US45383,California,M,College,12280.766599999999,88340,102,0.0,Personal Auto,Two-Door Car,489.6
GT38956,California,F,College,2441.3942,0,65,0.0,Personal Auto,Four-Door Car,312.0
SN41301,Oregon,M,Bachelor,6535.560600000001,0,65,0.0,Corporate Auto,Four-Door Car,468.0
BE62503,Washington,F,College,9206.5983,24589,82,0.0,Personal Auto,Two-Door Car,511.497882
PA16884,California,F,Bachelor,4118.5886,69379,103,0.0,Personal Auto,Two-Door Car,494.4
NC58480,Nevada,F,Bachelor,4838.209,73769,61,2.0,Personal Auto,Four-Door Car,239.540223
NS39326,California,F,College,4625.5481,66670,114,0.0,Personal Auto,SUV,518.180364
PN18507,Arizona,M,Bachelor,14042.103000000001,88854,118,0.0,Personal Auto,Two-Door Car,715.252366
EK91340,Oregon,M,Bachelor,7546.6134999999995,31266,193,0.0,Corporate Auto,Luxury,926.4
JY16280,California,F,High School or Below,2514.592,43860,65,0.0,Personal Auto,Four-Door Car,156.124914
ZW71731,California,M,Bachelor,5170.3584,89284,133,2.0,Corporate Auto,SUV,402.070719
ZC24631,Oregon,M,College,13917.377199999999,67267,89,0.0,Corporate Auto,Four-Door Car,94.814032
YR34689,California,F,High School or Below,11318.1308,79270,95,3.0,Personal Auto,Four-Door Car,456.0
RT65829,Oregon,M,Bachelor,4276.3636,36692,109,1.0,Personal Auto,Four-Door Car,523.2
BZ12077,Oregon,F,High School or Below,4322.2403,0,119,0.0,Personal Auto,SUV,571.2
WM65373,California,F,College,8002.3083,0,107,0.0,Corporate Auto,SUV,513.6
NH35059,Nevada,M,College,3885.4564,0,105,0.0,Corporate Auto,Four-Door Car,504.0
QD38160,Oregon,M,College,4471.7782,0,135,0.0,Personal Auto,SUV,972.0
BM15160,California,F,High School or Below,8496.3528,44624,71,1.0,Special Auto,Four-Door Car,73.883044
VY79030,Arizona,F,College,22500.8835,0,71,0.0,Corporate Auto,Four-Door Car,340.8
EV19512,Nevada,F,Master,16301.9676,19614,85,0.0,Personal Auto,Two-Door Car,574.024018
TE13577,Oregon,F,College,2319.7359,0,64,0.0,Personal Auto,Four-Door Car,632.715382
WY97929,Arizona,M,College,8717.0498,83846,74,3.0,Special Auto,Four-Door Car,355.2
YG20683,Washington,M,College,2860.1117,51159,72,0.0,Personal Auto,Four-Door Car,4.238626
FK75497,California,M,College,2453.4083,83772,62,0.0,Personal Auto,Two-Door Car,42.248087
NE60110,Arizona,M,College,5989.7739,66839,154,0.0,Personal Auto,Luxury,739.2
TN36521,Arizona,F,College,24980.225499999997,88440,70,0.0,Personal Auto,Two-Door Car,27.145151
HG33568,Arizona,F,Master,7482.639499999999,25666,63,2.0,Personal Auto,Four-Door Car,270.002766
TW17878,Oregon,F,High School or Below,2457.576,52926,61,0.0,Personal Auto,Four-Door Car,292.8
ZO83562,Nevada,F,Bachelor,2379.7412,0,67,0.0,Personal Auto,Four-Door Car,494.946438
CH97539,Washington,F,Bachelor,8286.964399999999,40001,70,0.0,Personal Auto,Four-Door Car,142.567008
CV29889,California,M,College,2393.9154,0,70,0.0,Personal Auto,Four-Door Car,425.266308
MO33320,Oregon,M,College,4657.1595,18024,65,0.0,Personal Auto,Two-Door Car,312.0
QZ81258,Oregon,F,College,13197.928899999999,0,68,3.0,Personal Auto,Four-Door Car,326.4
NY56352,Oregon,F,Bachelor,2803.9166999999998,23220,74,0.0,Personal Auto,Four-Door Car,251.334247
EA27048,California,F,High School or Below,8646.5041,64125,108,0.0,Personal Auto,SUV,369.818708
UT38865,Oregon,F,College,7425.8706,58042,62,0.0,Corporate Auto,Four-Door Car,161.419528
QC89139,Oregon,F,High School or Below,4528.7374,90034,112,0.0,Corporate Auto,SUV,537.6
LA14484,Nevada,M,High School or Below,2227.0728,27972,61,0.0,Special Auto,Four-Door Car,292.8
HN57556,California,F,High School or Below,7292.9488,0,65,0.0,Personal Auto,Four-Door Car,312.0
CV31235,Arizona,M,Bachelor,3184.3552,50989,80,0.0,Corporate Auto,Four-Door Car,255.999709
WR45726,Arizona,F,Bachelor,11315.203700000002,11885,101,0.0,Special Auto,Four-Door Car,484.8
LB25094,California,F,Bachelor,2530.7051,89451,63,0.0,Special Auto,Four-Door Car,61.769564
KW56110,Oregon,M,Bachelor,18361.5553,0,182,0.0,Personal Auto,Luxury,1310.4
XO36233,Washington,M,Bachelor,8641.53,78904,109,0.0,Personal Auto,SUV,250.001424
ZX86243,Arizona,M,Doctor,3278.5319,70247,83,1.0,Personal Auto,Four-Door Car,141.799422
DW29763,Arizona,M,High School or Below,5271.982099999999,32653,67,0.0,Personal Auto,Two-Door Car,321.6
CT83377,Washington,M,High School or Below,3763.6377,93595,97,4.0,Special Auto,Four-Door Car,49.797016
OQ90898,California,M,Master,13955.569599999999,90279,115,0.0,Personal Auto,SUV,372.175592
GO77248,Oregon,F,College,5001.5275,0,72,0.0,Personal Auto,Four-Door Car,542.14385
QW33258,California,M,Bachelor,7082.830400000001,53310,189,3.0,Personal Auto,Luxury,1360.8
OU79745,California,M,College,7619.482800000001,0,105,0.0,Personal Auto,Four-Door Car,504.0
VZ79886,Oregon,F,Bachelor,12550.882,22234,160,0.0,Personal Auto,SUV,768.0
FI92440,Washington,F,High School or Below,32196.6004,91375,99,0.0,Personal Auto,Two-Door Car,72.632934
YG85980,Nevada,F,High School or Below,6793.7741000000005,22250,86,0.0,Personal Auto,Two-Door Car,720.601429
QM74621,Oregon,M,Bachelor,5272.3197,0,80,0.0,Personal Auto,Four-Door Car,576.0
EI71732,Oregon,F,Doctor,6265.3432999999995,0,84,1.0,Personal Auto,Four-Door Car,481.025786
VN79010,California,F,High School or Below,8547.5861,51179,71,0.0,Corporate Auto,Four-Door Car,466.176731
FI61723,California,M,Bachelor,2787.4237,38667,72,0.0,Personal Auto,Four-Door Car,159.266473
OH55411,California,F,Master,4626.8011,79487,114,0.0,Corporate Auto,SUV,547.2
TF10720,Nevada,F,Doctor,8663.364,67763,107,2.0,Personal Auto,Four-Door Car,41.283167
NW30838,Nevada,M,High School or Below,3872.2221999999997,0,62,2.0,Corporate Auto,Four-Door Car,503.808329
CB58476,Oregon,F,College,5170.8115,0,71,0.0,Corporate Auto,Four-Door Car,859.599411
WI69346,California,F,Master,8960.280200000001,71943,112,0.0,Corporate Auto,SUV,305.653785
FS76657,Oregon,F,College,5471.8343,53526,68,0.0,Personal Auto,Four-Door Car,278.902846
YX89016,Oregon,M,College,34931.0017,35005,295,0.0,Personal Auto,Luxury,1416.0
PK28821,California,M,College,2620.3923,24721,67,0.0,Personal Auto,Four-Door Car,139.963594
MB51200,Washington,M,College,19069.499499999998,0,102,2.0,Personal Auto,Four-Door Car,734.4
XG44587,Arizona,M,Master,5757.4423,88997,72,0.0,Personal Auto,Four-Door Car,174.041566
FG91922,Arizona,M,Master,40224.0136,48587,111,0.0,Personal Auto,SUV,532.8
OM99303,Arizona,F,High School or Below,2701.4883,76310,67,0.0,Personal Auto,Two-Door Car,321.6
RV67546,California,M,Bachelor,3712.4305,73205,92,0.0,Personal Auto,Four-Door Car,37.299865
UJ79253,Oregon,F,College,21850.84,51056,78,0.0,Personal Auto,Four-Door Car,95.816516
PN98247,California,M,College,7840.1658,58414,210,2.0,Personal Auto,Luxury,1008.0
IB67546,California,F,Bachelor,8237.037900000001,23940,107,0.0,Personal Auto,SUV,513.6
OE19087,California,F,High School or Below,2243.4739,0,62,0.0,Personal Auto,Four-Door Car,446.4
CM95716,California,M,Bachelor,8434.464100000001,44216,71,0.0,Personal Auto,Four-Door Car,72.205362
MW62634,California,M,High School or Below,2227.0728,27972,61,0.0,Corporate Auto,Four-Door Car,292.8
QW67581,Arizona,F,High School or Below,5170.026,0,69,0.0,Personal Auto,Four-Door Car,331.2
SN16059,California,F,Master,2641.4460999999997,29305,66,0.0,Personal Auto,Four-Door Car,475.2
OE51254,California,F,College,2790.683,53882,69,0.0,Personal Auto,Four-Door Car,331.2
RM42344,Oregon,M,College,2745.1297999999997,91757,69,1.0,Personal Auto,Four-Door Car,331.2
GB35238,California,F,Bachelor,7579.5327,33906,64,0.0,Personal Auto,Two-Door Car,401.592109
ML82674,Oregon,M,Bachelor,10978.7803,68158,139,1.0,Personal Auto,SUV,253.183568
EI85244,California,M,College,8255.0601,0,134,3.0,Personal Auto,SUV,643.2
DE28132,Oregon,M,College,4747.7346,42165,123,0.0,Corporate Auto,SUV,799.673766
TV25678,Washington,M,College,3540.9043,0,101,0.0,Personal Auto,SUV,727.2
TY26512,California,M,Doctor,3436.1342999999997,30817,88,0.0,Personal Auto,Four-Door Car,91.834668
OB69153,California,M,Bachelor,2582.1853,68074,65,0.0,Personal Auto,Four-Door Car,27.987867
QZ77637,Washington,F,College,11665.0978,84978,35353,1.0,Corporate Auto,Four-Door Car,166.77296
XN41715,California,F,Master,7396.2837,71135,92,1.0,Personal Auto,Four-Door Car,270.563995
QR15857,California,F,College,4330.7998,0,61,0.0,Personal Auto,Two-Door Car,292.8
FL69363,Oregon,M,Master,9075.768199999999,37722,116,0.0,Personal Auto,Luxury,158.077504
IS30295,Arizona,F,Bachelor,14635.451599999999,0,139,0.0,Personal Auto,SUV,667.2
WA25797,Washington,M,High School or Below,8564.768199999999,95697,107,0.0,Personal Auto,Luxury,178.006524
NL59519,California,F,College,11565.6875,64642,96,0.0,Personal Auto,Four-Door Car,404.265696
ZU93025,Oregon,F,College,2771.045,50071,71,0.0,Personal Auto,Two-Door Car,18.918935
DK94262,Oregon,M,High School or Below,8507.1288,46754,106,1.0,Personal Auto,SUV,513.818403
UQ30615,California,M,College,7582.1138,64801,64,0.0,Corporate Auto,Four-Door Car,268.471802
OR40060,Arizona,M,Bachelor,3323.0925,70410,83,0.0,Personal Auto,Four-Door Car,131.828507
DK32872,Nevada,F,High School or Below,5234.3317,66957,131,1.0,Personal Auto,SUV,628.8
FA46418,Nevada,F,High School or Below,24709.5996,24213,78,1.0,Personal Auto,Four-Door Car,374.4
ER19995,Washington,F,College,17786.2778,99790,6464,0.0,Personal Auto,Four-Door Car,178.986788
KI75855,Oregon,M,Master,2551.2267,79751,63,0.0,Personal Auto,Two-Door Car,392.235698
ND41876,Arizona,M,High School or Below,7247.7137,86122,182,1.0,Personal Auto,Luxury,873.6
PN21042,Arizona,M,Bachelor,4538.8478000000005,82297,116,0.0,Personal Auto,Luxury,0.382107
GJ43254,Washington,M,College,31642.1046,89057,98,0.0,Corporate Auto,Two-Door Car,187.363583
AL46984,California,M,High School or Below,8730.421999999999,43259,73,0.0,Personal Auto,Four-Door Car,350.4
JP58047,Oregon,M,College,8332.7306,0,79,0.0,Personal Auto,Four-Door Car,379.2
ZE85014,California,M,College,2357.7470000000003,25064,62,0.0,Personal Auto,Four-Door Car,297.6
KU88219,Arizona,M,Master,4637.164000000001,25816,119,0.0,Personal Auto,Luxury,571.2
UU98729,California,M,Bachelor,5357.1927000000005,0,73,0.0,Personal Auto,Four-Door Car,350.853987
WS82822,Oregon,F,College,5391.971,41662,69,0.0,Corporate Auto,Four-Door Car,217.973168
YB49933,Arizona,M,Bachelor,3694.1405,96170,92,0.0,Personal Auto,Four-Door Car,441.6
XC16387,Arizona,F,High School or Below,5040.4124,46072,64,0.0,Personal Auto,Four-Door Car,25.934064
XJ96748,Arizona,F,High School or Below,27495.4219,37931,99,0.0,Personal Auto,Four-Door Car,475.2
TM98684,Oregon,M,High School or Below,4842.285,35127,62,0.0,Personal Auto,Four-Door Car,297.6
AY18433,Washington,F,High School or Below,27382.818900000002,45473,76,0.0,Special Auto,Two-Door Car,188.938397
DM74502,Nevada,F,College,5227.1019,93087,131,3.0,Corporate Auto,Luxury,628.8
FT56968,Arizona,M,High School or Below,2590.096,22398,67,2.0,Personal Auto,Four-Door Car,321.6
OX36896,California,M,High School or Below,10536.078000000001,92983,87,1.0,Corporate Auto,Four-Door Car,153.205591
BZ65376,Arizona,M,Bachelor,8581.2787,27689,239,2.0,Personal Auto,Luxury,2893.239678
LN34660,California,F,College,9463.113299999999,69654,118,0.0,Corporate Auto,SUV,629.532731
JC29295,California,F,Bachelor,13441.006399999998,80744,111,0.0,Personal Auto,SUV,361.284757
KJ87930,California,F,Bachelor,3886.5047999999997,0,112,0.0,Corporate Auto,SUV,1185.988301
XT36360,Arizona,F,High School or Below,6784.8937,0,64,1.0,Personal Auto,Four-Door Car,460.8
IX35050,Arizona,M,Bachelor,23594.6802,76358,66,0.0,Special Auto,Four-Door Car,86.461582
UN97379,Oregon,M,Bachelor,2538.6263,18608,71,0.0,Corporate Auto,Four-Door Car,340.8
MR57294,California,M,High School or Below,5639.941999999999,73168,70,0.0,Personal Auto,Four-Door Car,425.800112
UG79499,Washington,M,Bachelor,11681.3743,70930,99,0.0,Personal Auto,Four-Door Car,190.43446
UA50747,Washington,F,High School or Below,25997.75,62262,72,0.0,Corporate Auto,Four-Door Car,193.505325
GL20444,Nevada,F,Master,13778.369299999998,91474,113,0.0,Corporate Auto,Two-Door Car,24.087774
SP58110,California,F,Bachelor,4923.1817,61469,63,5.0,Personal Auto,Four-Door Car,302.4
XM91635,Arizona,F,High School or Below,2272.3354,16618,62,0.0,Special Auto,Four-Door Car,219.288706
TV82603,California,F,Bachelor,14895.398000000001,48081,188,0.0,Personal Auto,Luxury,881.360959
BB82067,Oregon,M,Doctor,9756.045,67632,121,0.0,Personal Auto,Luxury,26.951627
JP94676,Oregon,F,Bachelor,9422.9741,34115,119,0.0,Personal Auto,SUV,466.122541
VU53417,Arizona,M,High School or Below,3837.3576000000003,23051,99,0.0,Personal Auto,Two-Door Car,475.2
IW54795,California,M,College,10952.1319,23748,99,0.0,Personal Auto,Four-Door Car,607.095655
RN78170,Arizona,F,College,8159.136600000001,40589,69,0.0,Corporate Auto,Four-Door Car,331.2
IX55883,California,F,College,19480.4998,50809,83,0.0,Personal Auto,Four-Door Car,290.381707
XM72420,Arizona,F,High School or Below,3919.3667,66676,97,0.0,Personal Auto,Four-Door Car,558.099357
GC15104,Nevada,F,Bachelor,7985.1421,52339,70,3.0,Corporate Auto,Four-Door Car,336.0
RX13282,Oregon,M,Bachelor,12168.7449,14973,115,0.0,Personal Auto,SUV,828.0
QA85890,Arizona,F,High School or Below,5849.3215,0,83,0.0,Corporate Auto,Four-Door Car,540.514115
IR62668,Arizona,F,Bachelor,5085.8366,31546,65,0.0,Personal Auto,Four-Door Car,100.049832
AL96740,California,F,College,2903.9397999999997,67763,73,1.0,Personal Auto,Four-Door Car,59.861963
SS48498,Washington,F,College,6273.1734,20836,79,0.0,Corporate Auto,Four-Door Car,193.57032
PE39479,Washington,M,College,18321.418999999998,88592,76,0.0,Corporate Auto,Four-Door Car,199.79727
JH62891,Oregon,F,College,5178.7042,66943,65,1.0,Special Auto,Four-Door Car,53.084753
FI20423,Arizona,F,High School or Below,14024.358400000001,81872,115,0.0,Special Auto,Four-Door Car,256.43803
PM13394,Washington,F,College,5309.4358999999995,22404,70,1.0,Personal Auto,Four-Door Car,211.136067
YV67971,California,F,High School or Below,4949.8038,21342,62,0.0,Personal Auto,Four-Door Car,74.350893
QD31377,California,M,Bachelor,8595.6653,34621,108,1.0,Corporate Auto,SUV,621.464468
YG10247,Oregon,M,College,22951.892000000003,62396,64,0.0,Personal Auto,Four-Door Car,307.2
FE73696,Oregon,M,High School or Below,3792.1303000000003,97212,93,0.0,Personal Auto,Two-Door Car,360.05589
SW19699,Arizona,F,Bachelor,2755.748,49648,70,0.0,Personal Auto,Four-Door Car,65.954813
QJ40732,Arizona,M,College,4880.3396,97984,61,1.0,Personal Auto,Four-Door Car,407.450118
HM76207,California,F,College,9051.9053,26308,114,0.0,Corporate Auto,SUV,547.2
NT59303,Oregon,F,College,10115.4462,63528,256,0.0,Personal Auto,Luxury,1228.8
PU41393,Nevada,M,College,8269.0754,20225,114,1.0,Special Auto,SUV,547.2
QO86948,Nevada,M,High School or Below,8071.653,0,112,0.0,Personal Auto,SUV,806.4
QN10888,Oregon,F,High School or Below,7726.9936,87620,64,0.0,Personal Auto,Four-Door Car,24.063693
VY19543,California,F,Bachelor,8311.1359,0,72,0.0,Corporate Auto,Four-Door Car,311.329282
XC15133,Nevada,F,Master,2574.0204,34990,65,0.0,Personal Auto,Four-Door Car,42.689135
ST43550,Oregon,M,Bachelor,5727.3270999999995,99934,71,0.0,Special Auto,Four-Door Car,460.323855
FX36546,Washington,M,Master,3679.1421,60804,92,0.0,Personal Auto,Four-Door Car,213.225001
JX68983,Oregon,M,Bachelor,2744.5196,94648,69,0.0,Personal Auto,Four-Door Car,331.2
HX78576,California,F,High School or Below,5636.7403,24516,71,0.0,Personal Auto,Four-Door Car,300.607591
ZQ11381,Arizona,M,Bachelor,16870.3882,61063,85,0.0,Personal Auto,Four-Door Car,262.504882
ON39271,California,M,Master,2738.002,0,74,0.0,Personal Auto,Two-Door Car,263.365432
SB18278,Oregon,M,Bachelor,4644.7005,0,64,0.0,Corporate Auto,Four-Door Car,307.2
ZT30559,California,F,High School or Below,4746.6865,15169,63,0.0,Personal Auto,Four-Door Car,302.4
XI41106,Arizona,M,College,16874.3282,55390,71,0.0,Corporate Auto,Two-Door Car,256.268091
ZS88847,Oregon,F,Bachelor,2387.6061,27592,62,0.0,Personal Auto,Four-Door Car,297.6
RU49126,Washington,F,College,4465.3357,61846,112,0.0,Personal Auto,SUV,215.8182
KR62797,Arizona,F,High School or Below,4591.6259,83297,113,0.0,Personal Auto,SUV,542.4
ZJ73220,Arizona,F,College,13092.5858,0,188,0.0,Special Auto,Luxury,1353.6
FY62633,Oregon,M,Bachelor,9112.2666,0,90,0.0,Personal Auto,Four-Door Car,432.0
CU36986,California,F,High School or Below,4165.1666,55897,104,0.0,Personal Auto,Four-Door Car,499.2
WZ53904,Arizona,M,Bachelor,2659.9806,21297,71,0.0,Personal Auto,Four-Door Car,45.507952
AA71604,Arizona,F,Master,11986.5921,87560,98,1.0,Personal Auto,Two-Door Car,470.4
TD10493,Oregon,F,High School or Below,2898.7327,0,96,4.0,Personal Auto,Four-Door Car,691.2
LY97989,Oregon,F,Bachelor,2894.2439,0,85,0.0,Personal Auto,Four-Door Car,408.0
VX39856,Arizona,F,Doctor,3500.4544,89398,86,0.0,Personal Auto,Four-Door Car,82.409922
TP51897,California,F,College,2621.8086,36843,68,3.0,Corporate Auto,Four-Door Car,357.642982
QQ89253,Oregon,F,College,10221.805,0,134,0.0,Personal Auto,SUV,643.2
EI91403,California,M,High School or Below,2578.271,34946,65,0.0,Personal Auto,Two-Door Car,420.35698
QG15435,Arizona,F,College,6242.5957,75680,78,0.0,Personal Auto,Four-Door Car,136.787725
FZ55002,Nevada,F,Doctor,5220.281,0,69,0.0,Personal Auto,Four-Door Car,331.2
HX77930,Washington,F,College,3136.4321,49532,79,1.0,Personal Auto,Four-Door Car,220.186677
UN37063,Arizona,M,Bachelor,4525.3658000000005,10269,65,0.0,Personal Auto,Two-Door Car,170.798204
VB87946,California,M,College,4970.3573,49714,63,3.0,Personal Auto,Four-Door Car,266.165535
AB60627,California,M,High School or Below,15467.788999999999,77517,129,0.0,Corporate Auto,SUV,98.921782
TA34903,Oregon,M,High School or Below,5838.899200000001,81082,73,0.0,Personal Auto,Four-Door Car,281.295903
AQ51368,Oregon,F,Bachelor,10656.882,72540,88,0.0,Corporate Auto,Two-Door Car,631.743039
NZ26102,Oregon,F,High School or Below,2289.6187,0,65,0.0,Personal Auto,Four-Door Car,468.0
GB45753,California,M,High School or Below,5439.8042000000005,61546,68,0.0,Corporate Auto,Two-Door Car,29.209521
BV79904,California,F,Master,7956.1501,44818,67,1.0,Personal Auto,Two-Door Car,136.883999
OB49075,Arizona,M,Bachelor,4458.1134,17622,65,1.0,Personal Auto,Four-Door Car,312.0
DS97676,Oregon,F,College,2555.0515,0,72,0.0,Personal Auto,Four-Door Car,518.4
JO63462,California,M,Bachelor,3307.9990000000003,79797,84,0.0,Corporate Auto,Two-Door Car,31.755601
NJ10602,Washington,F,College,8459.0532,92717,70,0.0,Personal Auto,Two-Door Car,224.27582
RS24501,Oregon,F,College,13350.120900000002,28919,173,0.0,Personal Auto,SUV,830.4
VT78274,Arizona,M,College,4931.2213,0,68,0.0,Personal Auto,Four-Door Car,480.159011
SU56153,Nevada,M,Bachelor,7776.8352,63568,65,0.0,Corporate Auto,Two-Door Car,390.792553
MN20737,Nevada,F,College,2553.6722,73935,64,1.0,Corporate Auto,Four-Door Car,72.071195
KL43114,Arizona,F,High School or Below,4876.4697,0,66,0.0,Corporate Auto,Two-Door Car,316.8
YQ15567,Oregon,F,Bachelor,9034.3058,18846,115,0.0,Personal Auto,SUV,552.0
TR88637,Arizona,F,High School or Below,8105.9108,38893,103,0.0,Personal Auto,SUV,41.965252
TC88986,Oregon,M,High School or Below,5619.6891000000005,0,153,0.0,Special Auto,SUV,1027.000029
XX88577,California,M,Bachelor,15727.1306,84824,196,0.0,Corporate Auto,SUV,319.820747
NE49052,California,F,High School or Below,6618.0164,20068,86,0.0,Corporate Auto,Four-Door Car,411.011162
KX17826,Oregon,M,Doctor,4670.048,0,125,0.0,Corporate Auto,SUV,600.0
CC91503,Arizona,F,High School or Below,10169.3698,0,135,0.0,Personal Auto,Luxury,648.0
WH32183,California,M,Bachelor,8323.074,97245,70,0.0,Personal Auto,Four-Door Car,4.110585
ES90681,California,F,College,2417.76,51808,61,1.0,Personal Auto,Four-Door Car,351.149904
DW96592,California,M,Bachelor,8044.8724,71391,67,0.0,Personal Auto,Four-Door Car,284.000172
MT23134,Oregon,M,High School or Below,5325.724499999999,0,73,0.0,Personal Auto,Two-Door Car,496.474767
BM69081,Arizona,M,Bachelor,6947.524,0,100,0.0,Personal Auto,SUV,925.137143
MB90871,Oregon,F,College,5847.4152,23496,77,0.0,Special Auto,Four-Door Car,13.164097
GT62080,Washington,M,High School or Below,,55561,63,0.0,Personal Auto,Four-Door Car,227.872071
QL77686,Nevada,F,College,4724.7861,23986,119,0.0,Corporate Auto,SUV,463.335061
ON77827,Arizona,F,Master,2790.228,22974,71,0.0,Personal Auto,Four-Door Car,180.667969
KP18988,Oregon,F,High School or Below,21531.332799999996,0,101,0.0,Personal Auto,Four-Door Car,484.8
TI92884,Arizona,M,Bachelor,12622.8327,61844,106,0.0,Personal Auto,Luxury,508.8
JH73503,Arizona,M,Doctor,20171.961499999998,24804,73,0.0,Personal Auto,Two-Door Car,350.4
YE97964,California,F,Bachelor,16464.3659,27760,104,0.0,Personal Auto,SUV,302.764283
VA30351,Oregon,F,High School or Below,5595.3899,74454,71,0.0,Personal Auto,Four-Door Car,340.8
PV55726,Oregon,F,Master,4170.6873,29462,107,1.0,Personal Auto,SUV,513.6
UC88305,Arizona,F,College,2665.4471000000003,52266,68,0.0,Corporate Auto,Two-Door Car,141.922839
TS53809,Oregon,M,Bachelor,7098.9141,0,70,0.0,Personal Auto,Two-Door Car,349.783046
ZV32120,California,M,Doctor,3971.3451,23599,103,0.0,Corporate Auto,SUV,494.4
FB80807,Oregon,M,Bachelor,5528.2128,36088,72,0.0,Personal Auto,Four-Door Car,345.6
AS55677,California,F,High School or Below,8338.995799999999,70534,104,0.0,Personal Auto,Four-Door Car,54.065538
WA15684,Oregon,M,College,38445.855899999995,27398,125,1.0,Personal Auto,SUV,600.0
SA50567,Nevada,M,Bachelor,5448.5552,85296,68,0.0,Personal Auto,Four-Door Car,342.515136
KJ31611,Arizona,M,High School or Below,10808.066,31063,92,0.0,Personal Auto,Four-Door Car,441.6
VL37375,California,M,Bachelor,6185.096500000001,0,92,0.0,Personal Auto,Two-Door Car,1027.177255
KN21017,Nevada,M,High School or Below,3208.2259000000004,52367,81,0.0,Personal Auto,Four-Door Car,275.989978
PX44289,Arizona,M,College,5480.1041000000005,58651,71,0.0,Personal Auto,Four-Door Car,472.599683
AM97901,Nevada,F,College,22986.1539,84831,192,0.0,Special Auto,Luxury,1336.931716
RE42925,Oregon,M,Bachelor,13107.9259,49088,114,1.0,Corporate Auto,SUV,547.2
TR81766,California,F,College,7462.9263,70263,93,0.0,Corporate Auto,Two-Door Car,7.345946
CH85057,Oregon,F,Doctor,11463.991000000002,45354,285,0.0,Personal Auto,Luxury,540.141566
UP71482,Arizona,M,High School or Below,7236.1325,0,63,0.0,Personal Auto,Four-Door Car,383.363758
EG40670,California,F,Bachelor,6232.687900000001,28334,83,0.0,Special Auto,Four-Door Car,537.765151
HV83672,Oregon,F,Bachelor,28393.3299,38772,90,0.0,Personal Auto,Four-Door Car,321.873474
MG10140,Oregon,F,College,3746.7515999999996,41479,94,1.0,Personal Auto,Two-Door Car,19.575683
TC44716,California,M,Bachelor,21569.3373,23909,119,0.0,Personal Auto,SUV,571.2
QO65264,California,M,College,5012.0837,48328,63,0.0,Personal Auto,Two-Door Car,108.138715
EB66698,California,M,High School or Below,3371.8584,86689,85,0.0,Corporate Auto,Two-Door Car,408.0
OT52034,California,M,Bachelor,3864.7768,24204,99,1.0,Personal Auto,Four-Door Car,707.303416
CH85444,Oregon,M,College,4145.7119,25943,110,0.0,Corporate Auto,Two-Door Car,1067.333126
PU85769,California,M,High School or Below,5156.072700000001,0,73,0.0,Personal Auto,Four-Door Car,807.947292
UI73201,California,M,College,3667.375,62375,92,0.0,Personal Auto,Two-Door Car,618.630955
SL50592,California,F,High School or Below,7835.6835,0,71,0.0,Corporate Auto,Four-Door Car,404.272806
XP11075,Arizona,M,Bachelor,14567.2684,0,148,0.0,Personal Auto,SUV,710.4
SI31236,Oregon,M,Bachelor,10171.339,70200,65,0.0,Corporate Auto,Four-Door Car,312.0
JN26745,Nevada,F,Bachelor,4135.7752,0,112,0.0,Special Auto,Four-Door Car,707.977614
VK48036,Oregon,F,College,5511.4911,79027,70,0.0,Corporate Auto,Four-Door Car,336.0
JX76668,Washington,F,High School or Below,11314.2439,62935,141,0.0,Personal Auto,Luxury,232.242326
DS45802,California,F,High School or Below,5414.6173,26893,68,0.0,Personal Auto,Four-Door Car,68.226001
OA96690,Oregon,F,High School or Below,7421.5935,47406,94,1.0,Personal Auto,Four-Door Car,287.149807
EM27919,California,M,Bachelor,4458.1134,17622,65,1.0,Personal Auto,Four-Door Car,312.0
QO41043,Oregon,F,College,14476.1249,27572,124,0.0,Corporate Auto,SUV,595.2
OV50124,Oregon,F,College,4936.8884,0,72,2.0,Personal Auto,Two-Door Car,391.636628
PR31642,Oregon,F,Bachelor,4525.2765,32802,114,0.0,Personal Auto,SUV,547.2
BU41599,Washington,F,Master,5581.7613,62739,70,0.0,Personal Auto,Two-Door Car,239.328571
TK30357,California,F,Bachelor,14134.3474,90844,118,0.0,Personal Auto,SUV,232.674417
NF31087,Nevada,F,High School or Below,24723.183100000002,44685,69,0.0,Personal Auto,Four-Door Car,331.2
NH16984,California,F,Bachelor,2838.0678000000003,0,80,0.0,Personal Auto,Four-Door Car,336.50961
OS75493,California,F,High School or Below,3848.4836,42589,98,0.0,Corporate Auto,Four-Door Car,470.4
VT63298,Oregon,M,Bachelor,19504.473899999997,0,72,0.0,Personal Auto,Four-Door Car,345.6
QS75550,Washington,F,Bachelor,2480.0459,93383,62,0.0,Corporate Auto,Two-Door Car,244.212286
SZ16483,Arizona,F,High School or Below,4361.372899999999,79583,109,2.0,Personal Auto,Four-Door Car,523.2
VM92311,Arizona,F,High School or Below,2529.0775,89129,64,0.0,Personal Auto,Four-Door Car,328.870868
NJ46849,Arizona,M,College,2504.4448,0,69,0.0,Personal Auto,Four-Door Car,496.8
WZ31900,Oregon,F,Bachelor,8649.7006,94389,107,0.0,Corporate Auto,SUV,85.063708
RG30482,Oregon,F,College,13668.355300000001,0,197,0.0,Personal Auto,SUV,1418.4
ZM86949,Oregon,F,High School or Below,20635.0846,84106,64,0.0,Personal Auto,Two-Door Car,334.408717
QQ39596,Arizona,F,College,2517.5335999999998,0,69,0.0,Personal Auto,Four-Door Car,42.096415
FH51383,California,F,High School or Below,5326.6777,76717,66,0.0,Personal Auto,Two-Door Car,300.528579
BJ53923,Arizona,M,High School or Below,2600.2721,51978,66,0.0,Corporate Auto,Four-Door Car,144.782152
CZ96653,Oregon,F,Bachelor,8534.792800000001,47325,107,0.0,Personal Auto,SUV,64.598216
FB23788,Oregon,M,High School or Below,8828.835,86721,111,0.0,Corporate Auto,SUV,532.8
NT43594,Nevada,F,Bachelor,2248.4496,24910,63,1.0,Personal Auto,Four-Door Car,347.857619
RJ85627,Washington,F,Bachelor,12302.7624,43817,62,1.0,Personal Auto,Four-Door Car,245.447622
KJ86296,Oregon,M,High School or Below,4556.593,0,73,2.0,Personal Auto,Four-Door Car,525.6
PI47776,Oregon,F,Bachelor,2530.7051,89451,63,0.0,Corporate Auto,Four-Door Car,61.769564
MD73554,California,M,College,5251.984,59537,66,0.0,Personal Auto,Two-Door Car,316.8
UX92071,Oregon,M,High School or Below,6743.1193,0,199,0.0,Personal Auto,Luxury,955.2
YG44474,Oregon,M,College,14014.7213,54193,117,0.0,Corporate Auto,SUV,720.752945
UH45301,Oregon,M,College,9438.9156,86946,118,0.0,Personal Auto,Four-Door Car,340.656963
RY92647,California,F,Bachelor,10506.7717,0,92,0.0,Personal Auto,Four-Door Car,546.524896
IK12620,Arizona,F,High School or Below,4213.9186,12160,109,0.0,Personal Auto,Four-Door Car,489.411833
GQ66762,California,M,College,4773.6864000000005,33701,63,0.0,Personal Auto,Four-Door Car,171.325856
YT69858,Washington,F,Bachelor,5441.4201,85702,67,0.0,Personal Auto,Two-Door Car,249.085887
XD85577,California,M,Bachelor,2842.2669,69417,73,1.0,Personal Auto,Four-Door Car,30.874869
TM65736,Oregon,M,Master,3059.5503000000003,38644,78,1.0,Personal Auto,Four-Door Car,361.455219
VJ51327,California,F,High School or Below,20314.9976,63209,102,2.0,Personal Auto,SUV,207.320041
GS98873,Arizona,F,Bachelor,3239.1247,16061,88,0.0,Personal Auto,Four-Door Car,633.6
CW49887,California,F,Master,4626.8011,79487,114,0.0,Special Auto,SUV,547.2
MY31220,California,F,College,8997.0402,54230,112,0.0,Personal Auto,Two-Door Car,537.6
,,,,,39295,193,,,,
